Order_ID,Order_Date,Customer_ID,Product_Name,Category,Quantity,Unit_Price,Region,Payment_Method,Total_Revenue,Year,Month_Num,Year_Month,Month_Name,Quarter,Day_Of_Week,Hour_Of_Day
ORD-10075,2025-01-01 00:00:00,CUST-573,Standing Desk Converter,Furniture,4,220.0,Latin America,Credit Card,880.0,2025,1,2025-01,Jan,2025Q1,Wednesday,0
ORD-11338,2025-01-02 00:00:00,CUST-545,Ergonomic Office Chair,Furniture,1,349.99,Middle East,Crypto,349.99,2025,1,2025-01,Jan,2025Q1,Thursday,0
ORD-10029,2025-01-02 00:00:00,CUST-752,Wireless Vertical Mouse,Electronics,1,49.99,Asia-Pacific,Unspecified,49.99,2025,1,2025-01,Jan,2025Q1,Thursday,0
ORD-10696,2025-01-02 09:00:00,CUST-169,Wireless Vertical Mouse,Electronics,1,49.99,North America,Debit Card,49.99,2025,1,2025-01,Jan,2025Q1,Thursday,9
ORD-11031,2025-01-02 14:00:00,CUST-671,Espresso Coffee Machine,Home & Kitchen,3,499.0,Middle East,PayPal,1497.0,2025,1,2025-01,Jan,2025Q1,Thursday,14
ORD-11388,2025-01-02 14:00:00,CUST-177,USB-C Multi-Port Hub,Audio & Accessories,9,45.0,Asia-Pacific,Crypto,405.0,2025,1,2025-01,Jan,2025Q1,Thursday,14
ORD-10712,2025-01-02 17:00:00,CUST-109,Mechanical Gaming Keyboard,Electronics,2,119.0,Europe,Debit Card,238.0,2025,1,2025-01,Jan,2025Q1,Thursday,17
ORD-10732,2025-01-02 18:00:00,CUST-335,USB-C Multi-Port Hub,Audio & Accessories,3,45.0,Latin America,Crypto,135.0,2025,1,2025-01,Jan,2025Q1,Thursday,18
ORD-10190,2025-01-02 19:00:00,CUST-174,Standing Desk Converter,Furniture,1,220.0,North America,Debit Card,220.0,2025,1,2025-01,Jan,2025Q1,Thursday,19
ORD-10838,2025-01-03 00:00:00,CUST-UNKNOWN,4K Ultra HD Smart Monitor 27in,Electronics,3,450.0,Latin America,Bank Transfer,1350.0,2025,1,2025-01,Jan,2025Q1,Friday,0
ORD-10405,2025-01-03 12:00:00,CUST-618,Noise-Isolating Earbuds,Audio & Accessories,6,29.99,North America,Crypto,179.94,2025,1,2025-01,Jan,2025Q1,Friday,12
ORD-11472,2025-01-03 20:00:00,CUST-558,4K Ultra HD Smart Monitor 27in,Electronics,5,450.0,Europe,Bank Transfer,2250.0,2025,1,2025-01,Jan,2025Q1,Friday,20
ORD-10400,2025-01-03 20:00:00,CUST-248,Standing Desk Converter,Furniture,1,220.0,Latin America,Crypto,220.0,2025,1,2025-01,Jan,2025Q1,Friday,20
ORD-10116,2025-01-04 00:00:00,CUST-279,4K Ultra HD Smart Monitor 27in,Electronics,4,450.0,Europe,Debit Card,1800.0,2025,1,2025-01,Jan,2025Q1,Saturday,0
ORD-11149,2025-01-04 00:00:00,CUST-119,Noise-Isolating Earbuds,Audio & Accessories,5,29.99,North America,PayPal,149.95,2025,1,2025-01,Jan,2025Q1,Saturday,0
ORD-10552,2025-01-04 08:00:00,CUST-191,Mechanical Gaming Keyboard,Electronics,2,119.0,Middle East,Bank Transfer,238.0,2025,1,2025-01,Jan,2025Q1,Saturday,8
ORD-10792,2025-01-04 14:00:00,CUST-879,Wireless Noise-Canceling Headphones,Audio & Accessories,2,249.5,Asia-Pacific,Debit Card,499.0,2025,1,2025-01,Jan,2025Q1,Saturday,14
ORD-10090,2025-01-05 00:00:00,CUST-896,Stainless Steel Water Bottle,Home & Kitchen,1,25.0,North America,Crypto,25.0,2025,1,2025-01,Jan,2025Q1,Sunday,0
ORD-10928,2025-01-05 00:00:00,CUST-834,Smart LED Desk Lamp,Home & Kitchen,3,39.99,Asia-Pacific,PayPal,119.97,2025,1,2025-01,Jan,2025Q1,Sunday,0
ORD-10749,2025-01-05 00:00:00,CUST-954,Wireless Vertical Mouse,Electronics,3,49.99,Asia-Pacific,Bank Transfer,149.97,2025,1,2025-01,Jan,2025Q1,Sunday,0
ORD-10316,2025-01-05 11:00:00,CUST-924,Noise-Isolating Earbuds,Audio & Accessories,2,29.99,Asia-Pacific,Bank Transfer,59.98,2025,1,2025-01,Jan,2025Q1,Sunday,11
ORD-10025,2025-01-05 15:00:00,CUST-676,Smart LED Desk Lamp,Home & Kitchen,4,39.99,North America,Credit Card,159.96,2025,1,2025-01,Jan,2025Q1,Sunday,15
ORD-10239,2025-01-05 15:00:00,CUST-934,UltraBook Pro 15,Electronics,1,1299.99,Latin America,Crypto,1299.99,2025,1,2025-01,Jan,2025Q1,Sunday,15
ORD-10866,2025-01-05 20:00:00,CUST-853,UltraBook Pro 15,Electronics,1,1299.99,Asia-Pacific,Credit Card,1299.99,2025,1,2025-01,Jan,2025Q1,Sunday,20
ORD-10902,2025-01-06 00:00:00,CUST-711,Espresso Coffee Machine,Home & Kitchen,1,499.0,Europe,Credit Card,499.0,2025,1,2025-01,Jan,2025Q1,Monday,0
ORD-10885,2025-01-06 00:00:00,CUST-292,Bluetooth Portable Speaker,Audio & Accessories,1,89.99,Middle East,PayPal,89.99,2025,1,2025-01,Jan,2025Q1,Monday,0
ORD-10010,2025-01-06 00:00:00,CUST-798,Bluetooth Portable Speaker,Audio & Accessories,1,89.99,Middle East,Bank Transfer,89.99,2025,1,2025-01,Jan,2025Q1,Monday,0
ORD-11274,2025-01-06 12:00:00,CUST-UNKNOWN,Espresso Coffee Machine,Home & Kitchen,2,499.0,Asia-Pacific,Credit Card,998.0,2025,1,2025-01,Jan,2025Q1,Monday,12
ORD-10860,2025-01-06 13:00:00,CUST-386,UltraBook Pro 15,Electronics,4,1299.99,Europe,Bank Transfer,5199.96,2025,1,2025-01,Jan,2025Q1,Monday,13
ORD-11318,2025-01-06 13:00:00,CUST-907,4K Ultra HD Smart Monitor 27in,Electronics,1,450.0,North America,Credit Card,450.0,2025,1,2025-01,Jan,2025Q1,Monday,13
ORD-11252,2025-01-07 00:00:00,CUST-991,Smart LED Desk Lamp,Home & Kitchen,1,39.99,Middle East,Credit Card,39.99,2025,1,2025-01,Jan,2025Q1,Tuesday,0
ORD-11416,2025-01-08 00:00:00,CUST-642,4K Ultra HD Smart Monitor 27in,Electronics,1,450.0,North America,Crypto,450.0,2025,1,2025-01,Jan,2025Q1,Wednesday,0
ORD-10141,2025-01-09 00:00:00,CUST-453,Smart Fitness Watch V2,Electronics,1,199.95,Europe,Credit Card,199.95,2025,1,2025-01,Jan,2025Q1,Thursday,0
ORD-11305,2025-01-09 08:00:00,CUST-312,Wireless Vertical Mouse,Electronics,5,49.99,Europe,Credit Card,249.95,2025,1,2025-01,Jan,2025Q1,Thursday,8
ORD-10622,2025-01-10 00:00:00,CUST-983,Smart LED Desk Lamp,Home & Kitchen,2,39.99,Europe,Crypto,79.98,2025,1,2025-01,Jan,2025Q1,Friday,0
ORD-10706,2025-01-10 12:00:00,CUST-700,Standing Desk Converter,Furniture,1,220.0,North America,PayPal,220.0,2025,1,2025-01,Jan,2025Q1,Friday,12
ORD-10990,2025-01-10 16:00:00,CUST-496,Standing Desk Converter,Furniture,4,220.0,Latin America,PayPal,880.0,2025,1,2025-01,Jan,2025Q1,Friday,16
ORD-10611,2025-01-10 20:00:00,CUST-540,Wireless Vertical Mouse,Electronics,4,49.99,North America,Unspecified,199.96,2025,1,2025-01,Jan,2025Q1,Friday,20
ORD-11244,2025-01-11 00:00:00,CUST-680,Mechanical Gaming Keyboard,Electronics,4,119.0,Asia-Pacific,Bank Transfer,476.0,2025,1,2025-01,Jan,2025Q1,Saturday,0
ORD-10865,2025-01-11 00:00:00,CUST-881,Wireless Noise-Canceling Headphones,Audio & Accessories,2,249.5,North America,PayPal,499.0,2025,1,2025-01,Jan,2025Q1,Saturday,0
ORD-10072,2025-01-11 00:00:00,CUST-375,HD Webcam 1080p,Electronics,1,69.99,Middle East,Credit Card,69.99,2025,1,2025-01,Jan,2025Q1,Saturday,0
ORD-10100,2025-01-11 00:00:00,CUST-349,Stainless Steel Water Bottle,Home & Kitchen,1,25.0,Europe,Crypto,25.0,2025,1,2025-01,Jan,2025Q1,Saturday,0
ORD-10949,2025-01-11 00:00:00,CUST-178,USB-C Multi-Port Hub,Audio & Accessories,3,45.0,Europe,Credit Card,135.0,2025,1,2025-01,Jan,2025Q1,Saturday,0
ORD-10817,2025-01-11 14:00:00,CUST-649,Standing Desk Converter,Furniture,2,220.0,Middle East,Debit Card,440.0,2025,1,2025-01,Jan,2025Q1,Saturday,14
ORD-10617,2025-01-11 19:00:00,CUST-122,Noise-Isolating Earbuds,Audio & Accessories,1,29.99,Asia-Pacific,Debit Card,29.99,2025,1,2025-01,Jan,2025Q1,Saturday,19
ORD-10984,2025-01-12 00:00:00,CUST-396,HD Webcam 1080p,Electronics,4,69.99,Asia-Pacific,Debit Card,279.96,2025,1,2025-01,Jan,2025Q1,Sunday,0
ORD-10193,2025-01-12 12:00:00,CUST-836,Ergonomic Office Chair,Furniture,3,349.99,Middle East,Debit Card,1049.97,2025,1,2025-01,Jan,2025Q1,Sunday,12
ORD-10702,2025-01-12 13:00:00,CUST-524,USB-C Multi-Port Hub,Audio & Accessories,1,45.0,North America,Crypto,45.0,2025,1,2025-01,Jan,2025Q1,Sunday,13
ORD-11455,2025-01-12 20:00:00,CUST-211,Wireless Vertical Mouse,Electronics,7,49.99,Asia-Pacific,PayPal,349.93,2025,1,2025-01,Jan,2025Q1,Sunday,20
ORD-10774,2025-01-13 00:00:00,CUST-439,Stainless Steel Water Bottle,Home & Kitchen,4,25.0,Asia-Pacific,PayPal,100.0,2025,1,2025-01,Jan,2025Q1,Monday,0
ORD-10722,2025-01-13 00:00:00,CUST-442,USB-C Multi-Port Hub,Audio & Accessories,1,45.0,Asia-Pacific,PayPal,45.0,2025,1,2025-01,Jan,2025Q1,Monday,0
ORD-11120,2025-01-14 00:00:00,CUST-677,Smart LED Desk Lamp,Home & Kitchen,6,39.99,Asia-Pacific,Bank Transfer,239.94,2025,1,2025-01,Jan,2025Q1,Tuesday,0
ORD-11322,2025-01-15 00:00:00,CUST-482,Smart Fitness Watch V2,Electronics,5,199.95,Latin America,Debit Card,999.75,2025,1,2025-01,Jan,2025Q1,Wednesday,0
ORD-10158,2025-01-15 09:00:00,CUST-756,Noise-Isolating Earbuds,Audio & Accessories,1,29.99,Middle East,Bank Transfer,29.99,2025,1,2025-01,Jan,2025Q1,Wednesday,9
ORD-10407,2025-01-15 15:00:00,CUST-169,USB-C Multi-Port Hub,Audio & Accessories,1,45.0,Latin America,PayPal,45.0,2025,1,2025-01,Jan,2025Q1,Wednesday,15
ORD-11160,2025-01-15 20:00:00,CUST-129,4K Ultra HD Smart Monitor 27in,Electronics,5,450.0,Latin America,Credit Card,2250.0,2025,1,2025-01,Jan,2025Q1,Wednesday,20
ORD-10498,2025-01-16 00:00:00,CUST-741,Mechanical Gaming Keyboard,Electronics,9,119.0,Middle East,PayPal,1071.0,2025,1,2025-01,Jan,2025Q1,Thursday,0
ORD-10927,2025-01-16 09:00:00,CUST-430,Bluetooth Portable Speaker,Audio & Accessories,2,89.99,Latin America,PayPal,179.98,2025,1,2025-01,Jan,2025Q1,Thursday,9
ORD-10979,2025-01-16 10:00:00,CUST-815,Smart Fitness Watch V2,Electronics,3,199.95,Latin America,Debit Card,599.85,2025,1,2025-01,Jan,2025Q1,Thursday,10
ORD-11105,2025-01-16 10:00:00,CUST-270,USB-C Multi-Port Hub,Audio & Accessories,1,45.0,Middle East,Bank Transfer,45.0,2025,1,2025-01,Jan,2025Q1,Thursday,10
ORD-10999,2025-01-17 00:00:00,CUST-126,UltraBook Pro 15,Electronics,2,1299.99,Middle East,Bank Transfer,2599.98,2025,1,2025-01,Jan,2025Q1,Friday,0
ORD-10912,2025-01-17 08:00:00,CUST-909,Noise-Isolating Earbuds,Audio & Accessories,3,29.99,Asia-Pacific,Crypto,89.97,2025,1,2025-01,Jan,2025Q1,Friday,8
ORD-10567,2025-01-17 12:00:00,CUST-376,Espresso Coffee Machine,Home & Kitchen,2,499.0,Middle East,Crypto,998.0,2025,1,2025-01,Jan,2025Q1,Friday,12
ORD-11307,2025-01-17 15:00:00,CUST-131,HD Webcam 1080p,Electronics,4,69.99,Asia-Pacific,Debit Card,279.96,2025,1,2025-01,Jan,2025Q1,Friday,15
ORD-10435,2025-01-18 11:00:00,CUST-889,USB-C Multi-Port Hub,Audio & Accessories,3,45.0,North America,Crypto,135.0,2025,1,2025-01,Jan,2025Q1,Saturday,11
ORD-11460,2025-01-18 19:00:00,CUST-185,Noise-Isolating Earbuds,Audio & Accessories,2,29.99,Middle East,Crypto,59.98,2025,1,2025-01,Jan,2025Q1,Saturday,19
ORD-11249,2025-01-19 00:00:00,CUST-813,USB-C Multi-Port Hub,Audio & Accessories,3,45.0,Latin America,Bank Transfer,135.0,2025,1,2025-01,Jan,2025Q1,Sunday,0
ORD-11004,2025-01-19 13:00:00,CUST-964,USB-C Multi-Port Hub,Audio & Accessories,4,45.0,Middle East,PayPal,180.0,2025,1,2025-01,Jan,2025Q1,Sunday,13
ORD-10502,2025-01-19 15:00:00,CUST-UNKNOWN,Mechanical Gaming Keyboard,Electronics,1,119.0,Middle East,Credit Card,119.0,2025,1,2025-01,Jan,2025Q1,Sunday,15
ORD-10346,2025-01-19 16:00:00,CUST-945,Stainless Steel Water Bottle,Home & Kitchen,3,25.0,North America,Crypto,75.0,2025,1,2025-01,Jan,2025Q1,Sunday,16
ORD-11239,2025-01-19 18:00:00,CUST-UNKNOWN,Bluetooth Portable Speaker,Audio & Accessories,1,89.99,North America,Credit Card,89.99,2025,1,2025-01,Jan,2025Q1,Sunday,18
ORD-10547,2025-01-19 19:00:00,CUST-769,Ergonomic Office Chair,Furniture,3,349.99,North America,Debit Card,1049.97,2025,1,2025-01,Jan,2025Q1,Sunday,19
ORD-11387,2025-01-20 00:00:00,CUST-693,Noise-Isolating Earbuds,Audio & Accessories,1,29.99,Asia-Pacific,Debit Card,29.99,2025,1,2025-01,Jan,2025Q1,Monday,0
ORD-10331,2025-01-20 00:00:00,CUST-361,Espresso Coffee Machine,Home & Kitchen,4,499.0,Middle East,Crypto,1996.0,2025,1,2025-01,Jan,2025Q1,Monday,0
ORD-11158,2025-01-20 08:00:00,CUST-314,Mechanical Gaming Keyboard,Electronics,5,119.0,Asia-Pacific,Bank Transfer,595.0,2025,1,2025-01,Jan,2025Q1,Monday,8
ORD-11283,2025-01-21 11:00:00,CUST-313,Standing Desk Converter,Furniture,1,220.0,Europe,Crypto,220.0,2025,1,2025-01,Jan,2025Q1,Tuesday,11
ORD-10031,2025-01-21 13:00:00,CUST-355,Noise-Isolating Earbuds,Audio & Accessories,1,29.99,North America,Bank Transfer,29.99,2025,1,2025-01,Jan,2025Q1,Tuesday,13
ORD-11444,2025-01-21 16:00:00,CUST-126,Smart Fitness Watch V2,Electronics,5,199.95,North America,Crypto,999.75,2025,1,2025-01,Jan,2025Q1,Tuesday,16
ORD-11351,2025-01-22 00:00:00,CUST-239,Stainless Steel Water Bottle,Home & Kitchen,3,25.0,North America,Bank Transfer,75.0,2025,1,2025-01,Jan,2025Q1,Wednesday,0
ORD-11467,2025-01-22 13:00:00,CUST-896,Standing Desk Converter,Furniture,2,220.0,Asia-Pacific,PayPal,440.0,2025,1,2025-01,Jan,2025Q1,Wednesday,13
ORD-10117,2025-01-22 14:00:00,CUST-179,Smart Fitness Watch V2,Electronics,1,199.95,Asia-Pacific,Crypto,199.95,2025,1,2025-01,Jan,2025Q1,Wednesday,14
ORD-10546,2025-01-22 14:00:00,CUST-926,UltraBook Pro 15,Electronics,1,1299.99,Middle East,Debit Card,1299.99,2025,1,2025-01,Jan,2025Q1,Wednesday,14
ORD-10647,2025-01-22 17:00:00,CUST-273,Smart Fitness Watch V2,Electronics,3,199.95,Middle East,Debit Card,599.85,2025,1,2025-01,Jan,2025Q1,Wednesday,17
ORD-10627,2025-01-22 19:00:00,CUST-120,Bluetooth Portable Speaker,Audio & Accessories,4,89.99,North America,Credit Card,359.96,2025,1,2025-01,Jan,2025Q1,Wednesday,19
ORD-11065,2025-01-23 00:00:00,CUST-380,Stainless Steel Water Bottle,Home & Kitchen,4,25.0,North America,Crypto,100.0,2025,1,2025-01,Jan,2025Q1,Thursday,0
ORD-10853,2025-01-23 10:00:00,CUST-663,Bluetooth Portable Speaker,Audio & Accessories,6,89.99,Asia-Pacific,Crypto,539.94,2025,1,2025-01,Jan,2025Q1,Thursday,10
ORD-11362,2025-01-23 12:00:00,CUST-236,Standing Desk Converter,Furniture,3,220.0,Europe,Debit Card,660.0,2025,1,2025-01,Jan,2025Q1,Thursday,12
ORD-10394,2025-01-23 19:00:00,CUST-334,Bluetooth Portable Speaker,Audio & Accessories,1,89.99,Latin America,Debit Card,89.99,2025,1,2025-01,Jan,2025Q1,Thursday,19
ORD-10796,2025-01-24 00:00:00,CUST-794,Smart Fitness Watch V2,Electronics,7,199.95,Latin America,PayPal,1399.65,2025,1,2025-01,Jan,2025Q1,Friday,0
ORD-10950,2025-01-24 08:00:00,CUST-397,Ergonomic Office Chair,Furniture,3,349.99,Europe,Crypto,1049.97,2025,1,2025-01,Jan,2025Q1,Friday,8
ORD-10503,2025-01-24 09:00:00,CUST-774,Wireless Noise-Canceling Headphones,Audio & Accessories,4,249.5,Asia-Pacific,Credit Card,998.0,2025,1,2025-01,Jan,2025Q1,Friday,9
ORD-10349,2025-01-24 10:00:00,CUST-941,Smart Fitness Watch V2,Electronics,3,199.95,Latin America,Credit Card,599.85,2025,1,2025-01,Jan,2025Q1,Friday,10
ORD-11037,2025-01-24 12:00:00,CUST-326,Smart Fitness Watch V2,Electronics,3,199.95,Middle East,PayPal,599.85,2025,1,2025-01,Jan,2025Q1,Friday,12
ORD-10004,2025-01-24 18:00:00,CUST-396,Ergonomic Office Chair,Furniture,1,349.99,North America,PayPal,349.99,2025,1,2025-01,Jan,2025Q1,Friday,18
ORD-10738,2025-01-24 20:00:00,CUST-293,Stainless Steel Water Bottle,Home & Kitchen,2,25.0,Middle East,Bank Transfer,50.0,2025,1,2025-01,Jan,2025Q1,Friday,20
ORD-10720,2025-01-25 00:00:00,CUST-UNKNOWN,Smart LED Desk Lamp,Home & Kitchen,7,39.99,Latin America,Bank Transfer,279.93,2025,1,2025-01,Jan,2025Q1,Saturday,0
ORD-10195,2025-01-25 00:00:00,CUST-511,Stainless Steel Water Bottle,Home & Kitchen,1,25.0,Latin America,PayPal,25.0,2025,1,2025-01,Jan,2025Q1,Saturday,0
ORD-11216,2025-01-25 16:00:00,CUST-410,Stainless Steel Water Bottle,Home & Kitchen,1,25.0,Latin America,PayPal,25.0,2025,1,2025-01,Jan,2025Q1,Saturday,16
ORD-10144,2025-01-25 18:00:00,CUST-227,Ergonomic Office Chair,Furniture,1,349.99,Asia-Pacific,Debit Card,349.99,2025,1,2025-01,Jan,2025Q1,Saturday,18
ORD-11172,2025-01-25 20:00:00,CUST-652,Wireless Vertical Mouse,Electronics,3,49.99,Europe,Crypto,149.97,2025,1,2025-01,Jan,2025Q1,Saturday,20
ORD-10548,2025-01-26 00:00:00,CUST-199,UltraBook Pro 15,Electronics,2,1299.99,Latin America,Crypto,2599.98,2025,1,2025-01,Jan,2025Q1,Sunday,0
ORD-11496,2025-01-26 00:00:00,CUST-985,4K Ultra HD Smart Monitor 27in,Electronics,3,450.0,Middle East,Bank Transfer,1350.0,2025,1,2025-01,Jan,2025Q1,Sunday,0
ORD-10488,2025-01-26 09:00:00,CUST-282,Smart Fitness Watch V2,Electronics,7,199.95,Europe,Bank Transfer,1399.65,2025,1,2025-01,Jan,2025Q1,Sunday,9
ORD-10459,2025-01-26 16:00:00,CUST-187,Wireless Noise-Canceling Headphones,Audio & Accessories,1,249.5,Latin America,Crypto,249.5,2025,1,2025-01,Jan,2025Q1,Sunday,16
ORD-10022,2025-01-26 17:00:00,CUST-973,Bluetooth Portable Speaker,Audio & Accessories,1,89.99,Middle East,PayPal,89.99,2025,1,2025-01,Jan,2025Q1,Sunday,17
ORD-11281,2025-01-27 00:00:00,CUST-330,Stainless Steel Water Bottle,Home & Kitchen,3,25.0,Latin America,Credit Card,75.0,2025,1,2025-01,Jan,2025Q1,Monday,0
ORD-10363,2025-01-27 00:00:00,CUST-730,Noise-Isolating Earbuds,Audio & Accessories,2,29.99,Asia-Pacific,Debit Card,59.98,2025,1,2025-01,Jan,2025Q1,Monday,0
ORD-10848,2025-01-27 12:00:00,CUST-472,USB-C Multi-Port Hub,Audio & Accessories,2,45.0,Asia-Pacific,Bank Transfer,90.0,2025,1,2025-01,Jan,2025Q1,Monday,12
ORD-10109,2025-01-27 12:00:00,CUST-460,Smart LED Desk Lamp,Home & Kitchen,1,39.99,North America,Crypto,39.99,2025,1,2025-01,Jan,2025Q1,Monday,12
ORD-10170,2025-01-27 17:00:00,CUST-636,HD Webcam 1080p,Electronics,3,69.99,Middle East,Debit Card,209.97,2025,1,2025-01,Jan,2025Q1,Monday,17
ORD-10517,2025-01-28 00:00:00,CUST-940,4K Ultra HD Smart Monitor 27in,Electronics,4,450.0,Asia-Pacific,Credit Card,1800.0,2025,1,2025-01,Jan,2025Q1,Tuesday,0
ORD-11497,2025-01-28 11:00:00,CUST-798,Wireless Vertical Mouse,Electronics,2,49.99,Asia-Pacific,Credit Card,99.98,2025,1,2025-01,Jan,2025Q1,Tuesday,11
ORD-10559,2025-01-28 14:00:00,CUST-724,Ergonomic Office Chair,Furniture,3,349.99,Latin America,PayPal,1049.97,2025,1,2025-01,Jan,2025Q1,Tuesday,14
ORD-10700,2025-01-28 17:00:00,CUST-868,Bluetooth Portable Speaker,Audio & Accessories,2,89.99,Latin America,Crypto,179.98,2025,1,2025-01,Jan,2025Q1,Tuesday,17
ORD-10568,2025-01-29 00:00:00,CUST-790,Smart Fitness Watch V2,Electronics,6,199.95,Asia-Pacific,Credit Card,1199.7,2025,1,2025-01,Jan,2025Q1,Wednesday,0
ORD-10189,2025-01-29 15:00:00,CUST-525,Bluetooth Portable Speaker,Audio & Accessories,1,89.99,Latin America,Crypto,89.99,2025,1,2025-01,Jan,2025Q1,Wednesday,15
ORD-11488,2025-01-29 17:00:00,CUST-182,Wireless Noise-Canceling Headphones,Audio & Accessories,2,249.5,Asia-Pacific,Crypto,499.0,2025,1,2025-01,Jan,2025Q1,Wednesday,17
ORD-11369,2025-01-30 14:00:00,CUST-542,Smart Fitness Watch V2,Electronics,1,199.95,Europe,Debit Card,199.95,2025,1,2025-01,Jan,2025Q1,Thursday,14
ORD-10199,2025-01-30 16:00:00,CUST-526,Espresso Coffee Machine,Home & Kitchen,4,499.0,Middle East,Crypto,1996.0,2025,1,2025-01,Jan,2025Q1,Thursday,16
ORD-10439,2025-01-31 13:00:00,CUST-818,Smart LED Desk Lamp,Home & Kitchen,1,39.99,Middle East,Credit Card,39.99,2025,1,2025-01,Jan,2025Q1,Friday,13
ORD-11409,2025-01-31 14:00:00,CUST-782,USB-C Multi-Port Hub,Audio & Accessories,5,45.0,Latin America,PayPal,225.0,2025,1,2025-01,Jan,2025Q1,Friday,14
ORD-10260,2025-01-31 20:00:00,CUST-393,4K Ultra HD Smart Monitor 27in,Electronics,3,450.0,Middle East,Debit Card,1350.0,2025,1,2025-01,Jan,2025Q1,Friday,20
ORD-10047,2025-02-01 00:00:00,CUST-498,Bluetooth Portable Speaker,Audio & Accessories,2,89.99,Middle East,Unspecified,179.98,2025,2,2025-02,Feb,2025Q1,Saturday,0
ORD-11415,2025-02-01 00:00:00,CUST-161,Standing Desk Converter,Furniture,7,220.0,Latin America,Crypto,1540.0,2025,2,2025-02,Feb,2025Q1,Saturday,0
ORD-11430,2025-02-01 18:00:00,CUST-733,Mechanical Gaming Keyboard,Electronics,2,119.0,Europe,Credit Card,238.0,2025,2,2025-02,Feb,2025Q1,Saturday,18
ORD-11005,2025-02-02 15:00:00,CUST-884,Bluetooth Portable Speaker,Audio & Accessories,3,89.99,Asia-Pacific,Bank Transfer,269.97,2025,2,2025-02,Feb,2025Q1,Sunday,15
ORD-11199,2025-02-03 10:00:00,CUST-559,USB-C Multi-Port Hub,Audio & Accessories,1,45.0,Middle East,Credit Card,45.0,2025,2,2025-02,Feb,2025Q1,Monday,10
ORD-10616,2025-02-03 12:00:00,CUST-273,Wireless Noise-Canceling Headphones,Audio & Accessories,1,249.5,North America,Crypto,249.5,2025,2,2025-02,Feb,2025Q1,Monday,12
ORD-11211,2025-02-03 13:00:00,CUST-244,Wireless Noise-Canceling Headphones,Audio & Accessories,2,249.5,Europe,Debit Card,499.0,2025,2,2025-02,Feb,2025Q1,Monday,13
ORD-11260,2025-02-03 17:00:00,CUST-959,HD Webcam 1080p,Electronics,1,69.99,Asia-Pacific,Debit Card,69.99,2025,2,2025-02,Feb,2025Q1,Monday,17
ORD-11175,2025-02-04 00:00:00,CUST-243,Espresso Coffee Machine,Home & Kitchen,2,499.0,Europe,Debit Card,998.0,2025,2,2025-02,Feb,2025Q1,Tuesday,0
ORD-10609,2025-02-04 00:00:00,CUST-283,UltraBook Pro 15,Electronics,3,1299.99,Latin America,Crypto,3899.97,2025,2,2025-02,Feb,2025Q1,Tuesday,0
ORD-10305,2025-02-04 09:00:00,CUST-506,Noise-Isolating Earbuds,Audio & Accessories,9,29.99,Middle East,Unspecified,269.91,2025,2,2025-02,Feb,2025Q1,Tuesday,9
ORD-11225,2025-02-04 11:00:00,CUST-479,Wireless Noise-Canceling Headphones,Audio & Accessories,3,249.5,Latin America,PayPal,748.5,2025,2,2025-02,Feb,2025Q1,Tuesday,11
ORD-11126,2025-02-04 12:00:00,CUST-647,Stainless Steel Water Bottle,Home & Kitchen,1,25.0,Middle East,Credit Card,25.0,2025,2,2025-02,Feb,2025Q1,Tuesday,12
ORD-11358,2025-02-04 13:00:00,CUST-UNKNOWN,Wireless Vertical Mouse,Electronics,1,49.99,Middle East,PayPal,49.99,2025,2,2025-02,Feb,2025Q1,Tuesday,13
ORD-10122,2025-02-04 15:00:00,CUST-410,Smart Fitness Watch V2,Electronics,1,199.95,Asia-Pacific,Crypto,199.95,2025,2,2025-02,Feb,2025Q1,Tuesday,15
ORD-10140,2025-02-04 16:00:00,CUST-UNKNOWN,Bluetooth Portable Speaker,Audio & Accessories,8,89.99,Middle East,Crypto,719.92,2025,2,2025-02,Feb,2025Q1,Tuesday,16
ORD-10226,2025-02-05 00:00:00,CUST-789,4K Ultra HD Smart Monitor 27in,Electronics,9,450.0,Latin America,PayPal,4050.0,2025,2,2025-02,Feb,2025Q1,Wednesday,0
ORD-10542,2025-02-05 16:00:00,CUST-493,Standing Desk Converter,Furniture,1,220.0,Latin America,Credit Card,220.0,2025,2,2025-02,Feb,2025Q1,Wednesday,16
ORD-10809,2025-02-06 00:00:00,CUST-389,Smart LED Desk Lamp,Home & Kitchen,1,39.99,Europe,Crypto,39.99,2025,2,2025-02,Feb,2025Q1,Thursday,0
ORD-11320,2025-02-06 00:00:00,CUST-978,Bluetooth Portable Speaker,Audio & Accessories,1,89.99,Middle East,PayPal,89.99,2025,2,2025-02,Feb,2025Q1,Thursday,0
ORD-10421,2025-02-06 09:00:00,CUST-333,Standing Desk Converter,Furniture,4,220.0,Asia-Pacific,Bank Transfer,880.0,2025,2,2025-02,Feb,2025Q1,Thursday,9
ORD-10016,2025-02-06 16:00:00,CUST-785,UltraBook Pro 15,Electronics,1,1299.99,Latin America,PayPal,1299.99,2025,2,2025-02,Feb,2025Q1,Thursday,16
ORD-11222,2025-02-06 18:00:00,CUST-262,USB-C Multi-Port Hub,Audio & Accessories,2,45.0,Latin America,Credit Card,90.0,2025,2,2025-02,Feb,2025Q1,Thursday,18
ORD-11412,2025-02-06 18:00:00,CUST-323,Ergonomic Office Chair,Furniture,1,349.99,Asia-Pacific,Credit Card,349.99,2025,2,2025-02,Feb,2025Q1,Thursday,18
ORD-11464,2025-02-06 20:00:00,CUST-638,Noise-Isolating Earbuds,Audio & Accessories,18,29.99,Middle East,Bank Transfer,539.82,2025,2,2025-02,Feb,2025Q1,Thursday,20
ORD-11291,2025-02-08 12:00:00,CUST-122,Espresso Coffee Machine,Home & Kitchen,1,499.0,Asia-Pacific,Credit Card,499.0,2025,2,2025-02,Feb,2025Q1,Saturday,12
ORD-10619,2025-02-08 16:00:00,CUST-371,Wireless Vertical Mouse,Electronics,4,49.99,North America,Bank Transfer,199.96,2025,2,2025-02,Feb,2025Q1,Saturday,16
ORD-10825,2025-02-09 12:00:00,CUST-212,Standing Desk Converter,Furniture,6,220.0,Middle East,Debit Card,1320.0,2025,2,2025-02,Feb,2025Q1,Sunday,12
ORD-11097,2025-02-09 13:00:00,CUST-250,HD Webcam 1080p,Electronics,1,69.99,Middle East,Credit Card,69.99,2025,2,2025-02,Feb,2025Q1,Sunday,13
ORD-10387,2025-02-09 16:00:00,CUST-316,USB-C Multi-Port Hub,Audio & Accessories,1,45.0,Europe,PayPal,45.0,2025,2,2025-02,Feb,2025Q1,Sunday,16
ORD-10592,2025-02-09 16:00:00,CUST-743,Bluetooth Portable Speaker,Audio & Accessories,1,89.99,Europe,Credit Card,89.99,2025,2,2025-02,Feb,2025Q1,Sunday,16
ORD-10524,2025-02-09 18:00:00,CUST-917,Stainless Steel Water Bottle,Home & Kitchen,5,25.0,Middle East,Unspecified,125.0,2025,2,2025-02,Feb,2025Q1,Sunday,18
ORD-10772,2025-02-10 08:00:00,CUST-610,Smart LED Desk Lamp,Home & Kitchen,1,39.99,Asia-Pacific,PayPal,39.99,2025,2,2025-02,Feb,2025Q1,Monday,8
ORD-10423,2025-02-10 11:00:00,CUST-205,Espresso Coffee Machine,Home & Kitchen,2,499.0,North America,Credit Card,998.0,2025,2,2025-02,Feb,2025Q1,Monday,11
ORD-10420,2025-02-10 14:00:00,CUST-574,Smart LED Desk Lamp,Home & Kitchen,4,39.99,Europe,PayPal,159.96,2025,2,2025-02,Feb,2025Q1,Monday,14
ORD-10345,2025-02-10 15:00:00,CUST-686,Standing Desk Converter,Furniture,3,220.0,Latin America,Credit Card,660.0,2025,2,2025-02,Feb,2025Q1,Monday,15
ORD-10916,2025-02-10 17:00:00,CUST-860,HD Webcam 1080p,Electronics,1,69.99,Europe,Debit Card,69.99,2025,2,2025-02,Feb,2025Q1,Monday,17
ORD-11104,2025-02-10 18:00:00,CUST-453,Stainless Steel Water Bottle,Home & Kitchen,13,25.0,North America,PayPal,325.0,2025,2,2025-02,Feb,2025Q1,Monday,18
ORD-10071,2025-02-11 17:00:00,CUST-542,Bluetooth Portable Speaker,Audio & Accessories,1,89.99,Asia-Pacific,Crypto,89.99,2025,2,2025-02,Feb,2025Q1,Tuesday,17
ORD-10744,2025-02-12 00:00:00,CUST-625,Wireless Noise-Canceling Headphones,Audio & Accessories,1,249.5,Middle East,Credit Card,249.5,2025,2,2025-02,Feb,2025Q1,Wednesday,0
ORD-11371,2025-02-12 09:00:00,CUST-915,Smart Fitness Watch V2,Electronics,1,199.95,North America,PayPal,199.95,2025,2,2025-02,Feb,2025Q1,Wednesday,9
ORD-10368,2025-02-12 09:00:00,CUST-UNKNOWN,Ergonomic Office Chair,Furniture,1,349.99,Middle East,Crypto,349.99,2025,2,2025-02,Feb,2025Q1,Wednesday,9
ORD-10424,2025-02-12 09:00:00,CUST-259,Bluetooth Portable Speaker,Audio & Accessories,1,89.99,North America,Debit Card,89.99,2025,2,2025-02,Feb,2025Q1,Wednesday,9
ORD-11214,2025-02-12 15:00:00,CUST-206,Standing Desk Converter,Furniture,3,220.0,Asia-Pacific,Crypto,660.0,2025,2,2025-02,Feb,2025Q1,Wednesday,15
ORD-10748,2025-02-13 00:00:00,CUST-539,Wireless Vertical Mouse,Electronics,6,49.99,Latin America,PayPal,299.94,2025,2,2025-02,Feb,2025Q1,Thursday,0
ORD-10680,2025-02-13 12:00:00,CUST-872,4K Ultra HD Smart Monitor 27in,Electronics,4,450.0,Latin America,Bank Transfer,1800.0,2025,2,2025-02,Feb,2025Q1,Thursday,12
ORD-10682,2025-02-13 13:00:00,CUST-890,Bluetooth Portable Speaker,Audio & Accessories,1,89.99,Europe,Debit Card,89.99,2025,2,2025-02,Feb,2025Q1,Thursday,13
ORD-10125,2025-02-13 16:00:00,CUST-140,Noise-Isolating Earbuds,Audio & Accessories,2,29.99,Europe,Debit Card,59.98,2025,2,2025-02,Feb,2025Q1,Thursday,16
ORD-11147,2025-02-14 00:00:00,CUST-724,Smart LED Desk Lamp,Home & Kitchen,3,39.99,Europe,Credit Card,119.97,2025,2,2025-02,Feb,2025Q1,Friday,0
ORD-10876,2025-02-14 11:00:00,CUST-308,Espresso Coffee Machine,Home & Kitchen,3,499.0,North America,Bank Transfer,1497.0,2025,2,2025-02,Feb,2025Q1,Friday,11
ORD-10819,2025-02-14 16:00:00,CUST-871,Ergonomic Office Chair,Furniture,1,349.99,North America,Credit Card,349.99,2025,2,2025-02,Feb,2025Q1,Friday,16
ORD-10293,2025-02-15 00:00:00,CUST-UNKNOWN,Stainless Steel Water Bottle,Home & Kitchen,2,25.0,Asia-Pacific,Debit Card,50.0,2025,2,2025-02,Feb,2025Q1,Saturday,0
ORD-10641,2025-02-15 13:00:00,CUST-680,HD Webcam 1080p,Electronics,1,69.99,North America,Credit Card,69.99,2025,2,2025-02,Feb,2025Q1,Saturday,13
ORD-10179,2025-02-15 18:00:00,CUST-647,UltraBook Pro 15,Electronics,1,1299.99,North America,Unspecified,1299.99,2025,2,2025-02,Feb,2025Q1,Saturday,18
ORD-10801,2025-02-16 00:00:00,CUST-992,Stainless Steel Water Bottle,Home & Kitchen,1,25.0,Europe,Crypto,25.0,2025,2,2025-02,Feb,2025Q1,Sunday,0
ORD-11345,2025-02-16 00:00:00,CUST-194,UltraBook Pro 15,Electronics,2,1299.99,Middle East,Crypto,2599.98,2025,2,2025-02,Feb,2025Q1,Sunday,0
ORD-10163,2025-02-16 14:00:00,CUST-346,4K Ultra HD Smart Monitor 27in,Electronics,2,450.0,Europe,Crypto,900.0,2025,2,2025-02,Feb,2025Q1,Sunday,14
ORD-10715,2025-02-16 17:00:00,CUST-927,Espresso Coffee Machine,Home & Kitchen,7,499.0,Europe,PayPal,3493.0,2025,2,2025-02,Feb,2025Q1,Sunday,17
ORD-11154,2025-02-17 10:00:00,CUST-692,HD Webcam 1080p,Electronics,3,69.99,Middle East,Credit Card,209.97,2025,2,2025-02,Feb,2025Q1,Monday,10
ORD-10157,2025-02-17 16:00:00,CUST-706,4K Ultra HD Smart Monitor 27in,Electronics,4,450.0,Middle East,PayPal,1800.0,2025,2,2025-02,Feb,2025Q1,Monday,16
ORD-10662,2025-02-18 00:00:00,CUST-682,Bluetooth Portable Speaker,Audio & Accessories,3,89.99,Asia-Pacific,Bank Transfer,269.97,2025,2,2025-02,Feb,2025Q1,Tuesday,0
ORD-11270,2025-02-18 00:00:00,CUST-738,UltraBook Pro 15,Electronics,3,1299.99,Asia-Pacific,Credit Card,3899.97,2025,2,2025-02,Feb,2025Q1,Tuesday,0
ORD-11055,2025-02-18 08:00:00,CUST-708,Espresso Coffee Machine,Home & Kitchen,2,499.0,Europe,Credit Card,998.0,2025,2,2025-02,Feb,2025Q1,Tuesday,8
ORD-10107,2025-02-18 13:00:00,CUST-781,Standing Desk Converter,Furniture,4,220.0,Asia-Pacific,Bank Transfer,880.0,2025,2,2025-02,Feb,2025Q1,Tuesday,13
ORD-11164,2025-02-18 19:00:00,CUST-729,Ergonomic Office Chair,Furniture,1,349.99,North America,PayPal,349.99,2025,2,2025-02,Feb,2025Q1,Tuesday,19
ORD-10448,2025-02-19 00:00:00,CUST-644,Ergonomic Office Chair,Furniture,2,349.99,Latin America,PayPal,699.98,2025,2,2025-02,Feb,2025Q1,Wednesday,0
ORD-11468,2025-02-19 00:00:00,CUST-536,UltraBook Pro 15,Electronics,5,1299.99,North America,Credit Card,6499.95,2025,2,2025-02,Feb,2025Q1,Wednesday,0
ORD-10136,2025-02-20 19:00:00,CUST-UNKNOWN,UltraBook Pro 15,Electronics,2,1299.99,Europe,PayPal,2599.98,2025,2,2025-02,Feb,2025Q1,Thursday,19
ORD-10130,2025-02-21 00:00:00,CUST-955,Mechanical Gaming Keyboard,Electronics,2,119.0,Middle East,Credit Card,238.0,2025,2,2025-02,Feb,2025Q1,Friday,0
ORD-10636,2025-02-21 00:00:00,CUST-618,Noise-Isolating Earbuds,Audio & Accessories,2,29.99,North America,Bank Transfer,59.98,2025,2,2025-02,Feb,2025Q1,Friday,0
ORD-11079,2025-02-21 00:00:00,CUST-413,Smart Fitness Watch V2,Electronics,7,199.95,Europe,Debit Card,1399.65,2025,2,2025-02,Feb,2025Q1,Friday,0
ORD-11090,2025-02-21 00:00:00,CUST-922,Smart Fitness Watch V2,Electronics,7,199.95,North America,PayPal,1399.65,2025,2,2025-02,Feb,2025Q1,Friday,0
ORD-10063,2025-02-21 11:00:00,CUST-UNKNOWN,Bluetooth Portable Speaker,Audio & Accessories,2,89.99,Europe,Bank Transfer,179.98,2025,2,2025-02,Feb,2025Q1,Friday,11
ORD-10307,2025-02-21 20:00:00,CUST-648,Wireless Noise-Canceling Headphones,Audio & Accessories,1,249.5,Asia-Pacific,Debit Card,249.5,2025,2,2025-02,Feb,2025Q1,Friday,20
ORD-10358,2025-02-22 00:00:00,CUST-857,Bluetooth Portable Speaker,Audio & Accessories,7,89.99,Middle East,PayPal,629.93,2025,2,2025-02,Feb,2025Q1,Saturday,0
ORD-10918,2025-02-22 09:00:00,CUST-710,Stainless Steel Water Bottle,Home & Kitchen,4,25.0,North America,Credit Card,100.0,2025,2,2025-02,Feb,2025Q1,Saturday,9
ORD-10146,2025-02-22 09:00:00,CUST-402,Bluetooth Portable Speaker,Audio & Accessories,3,89.99,Asia-Pacific,Debit Card,269.97,2025,2,2025-02,Feb,2025Q1,Saturday,9
ORD-10769,2025-02-22 19:00:00,CUST-970,USB-C Multi-Port Hub,Audio & Accessories,4,45.0,Middle East,PayPal,180.0,2025,2,2025-02,Feb,2025Q1,Saturday,19
ORD-10369,2025-02-23 11:00:00,CUST-819,Wireless Vertical Mouse,Electronics,1,49.99,Latin America,Credit Card,49.99,2025,2,2025-02,Feb,2025Q1,Sunday,11
ORD-11401,2025-02-24 00:00:00,CUST-780,Standing Desk Converter,Furniture,1,220.0,Europe,Bank Transfer,220.0,2025,2,2025-02,Feb,2025Q1,Monday,0
ORD-11367,2025-02-24 10:00:00,CUST-964,Smart LED Desk Lamp,Home & Kitchen,6,39.99,Europe,PayPal,239.94,2025,2,2025-02,Feb,2025Q1,Monday,10
ORD-10654,2025-02-24 13:00:00,CUST-183,Stainless Steel Water Bottle,Home & Kitchen,2,25.0,Latin America,Unspecified,50.0,2025,2,2025-02,Feb,2025Q1,Monday,13
ORD-11432,2025-02-25 00:00:00,CUST-316,Wireless Vertical Mouse,Electronics,2,49.99,North America,PayPal,99.98,2025,2,2025-02,Feb,2025Q1,Tuesday,0
ORD-10840,2025-02-25 00:00:00,CUST-549,Bluetooth Portable Speaker,Audio & Accessories,1,89.99,Europe,PayPal,89.99,2025,2,2025-02,Feb,2025Q1,Tuesday,0
ORD-11304,2025-02-25 15:00:00,CUST-173,Smart LED Desk Lamp,Home & Kitchen,3,39.99,Asia-Pacific,PayPal,119.97,2025,2,2025-02,Feb,2025Q1,Tuesday,15
ORD-10945,2025-02-25 18:00:00,CUST-354,USB-C Multi-Port Hub,Audio & Accessories,1,45.0,North America,PayPal,45.0,2025,2,2025-02,Feb,2025Q1,Tuesday,18
ORD-11019,2025-02-25 19:00:00,CUST-856,HD Webcam 1080p,Electronics,1,69.99,Asia-Pacific,Debit Card,69.99,2025,2,2025-02,Feb,2025Q1,Tuesday,19
ORD-10194,2025-02-27 00:00:00,CUST-529,4K Ultra HD Smart Monitor 27in,Electronics,1,450.0,Middle East,Credit Card,450.0,2025,2,2025-02,Feb,2025Q1,Thursday,0
ORD-10437,2025-02-27 11:00:00,CUST-432,Wireless Vertical Mouse,Electronics,5,49.99,North America,PayPal,249.95,2025,2,2025-02,Feb,2025Q1,Thursday,11
ORD-11191,2025-02-27 11:00:00,CUST-618,Mechanical Gaming Keyboard,Electronics,3,119.0,Middle East,Bank Transfer,357.0,2025,2,2025-02,Feb,2025Q1,Thursday,11
ORD-11436,2025-02-27 16:00:00,CUST-765,Bluetooth Portable Speaker,Audio & Accessories,1,89.99,Middle East,PayPal,89.99,2025,2,2025-02,Feb,2025Q1,Thursday,16
ORD-11462,2025-02-27 16:00:00,CUST-711,Smart Fitness Watch V2,Electronics,1,199.95,Middle East,Credit Card,199.95,2025,2,2025-02,Feb,2025Q1,Thursday,16
ORD-11301,2025-02-27 16:00:00,CUST-UNKNOWN,Wireless Vertical Mouse,Electronics,7,49.99,North America,Crypto,349.93,2025,2,2025-02,Feb,2025Q1,Thursday,16
ORD-10873,2025-02-27 17:00:00,CUST-844,USB-C Multi-Port Hub,Audio & Accessories,2,45.0,Asia-Pacific,PayPal,90.0,2025,2,2025-02,Feb,2025Q1,Thursday,17
ORD-10348,2025-02-28 00:00:00,CUST-327,Smart Fitness Watch V2,Electronics,2,199.95,North America,Bank Transfer,399.9,2025,2,2025-02,Feb,2025Q1,Friday,0
ORD-10388,2025-02-28 00:00:00,CUST-590,Standing Desk Converter,Furniture,4,220.0,Europe,Crypto,880.0,2025,2,2025-02,Feb,2025Q1,Friday,0
ORD-10968,2025-02-28 09:00:00,CUST-718,HD Webcam 1080p,Electronics,2,69.99,North America,Crypto,139.98,2025,2,2025-02,Feb,2025Q1,Friday,9
ORD-10799,2025-03-01 00:00:00,CUST-346,Noise-Isolating Earbuds,Audio & Accessories,6,29.99,Europe,PayPal,179.94,2025,3,2025-03,Mar,2025Q1,Saturday,0
ORD-10231,2025-03-01 19:00:00,CUST-419,Noise-Isolating Earbuds,Audio & Accessories,2,29.99,Asia-Pacific,Debit Card,59.98,2025,3,2025-03,Mar,2025Q1,Saturday,19
ORD-10870,2025-03-02 00:00:00,CUST-186,Wireless Noise-Canceling Headphones,Audio & Accessories,2,249.5,North America,Crypto,499.0,2025,3,2025-03,Mar,2025Q1,Sunday,0
ORD-10264,2025-03-02 00:00:00,CUST-443,Smart LED Desk Lamp,Home & Kitchen,5,39.99,Latin America,Bank Transfer,199.95,2025,3,2025-03,Mar,2025Q1,Sunday,0
ORD-10737,2025-03-02 00:00:00,CUST-233,Noise-Isolating Earbuds,Audio & Accessories,4,29.99,Europe,PayPal,119.96,2025,3,2025-03,Mar,2025Q1,Sunday,0
ORD-10202,2025-03-02 00:00:00,CUST-590,Noise-Isolating Earbuds,Audio & Accessories,1,29.99,Europe,Crypto,29.99,2025,3,2025-03,Mar,2025Q1,Sunday,0
ORD-10243,2025-03-02 00:00:00,CUST-314,Wireless Vertical Mouse,Electronics,2,49.99,Middle East,Bank Transfer,99.98,2025,3,2025-03,Mar,2025Q1,Sunday,0
ORD-10694,2025-03-02 00:00:00,CUST-212,Bluetooth Portable Speaker,Audio & Accessories,1,89.99,North America,Bank Transfer,89.99,2025,3,2025-03,Mar,2025Q1,Sunday,0
ORD-10393,2025-03-02 09:00:00,CUST-233,Bluetooth Portable Speaker,Audio & Accessories,4,89.99,Middle East,Crypto,359.96,2025,3,2025-03,Mar,2025Q1,Sunday,9
ORD-10237,2025-03-02 11:00:00,CUST-287,HD Webcam 1080p,Electronics,1,69.99,Asia-Pacific,PayPal,69.99,2025,3,2025-03,Mar,2025Q1,Sunday,11
ORD-10055,2025-03-03 00:00:00,CUST-901,Wireless Vertical Mouse,Electronics,6,49.99,North America,Bank Transfer,299.94,2025,3,2025-03,Mar,2025Q1,Monday,0
ORD-10253,2025-03-03 00:00:00,CUST-589,USB-C Multi-Port Hub,Audio & Accessories,1,45.0,North America,PayPal,45.0,2025,3,2025-03,Mar,2025Q1,Monday,0
ORD-10972,2025-03-03 17:00:00,CUST-694,UltraBook Pro 15,Electronics,4,1299.99,Asia-Pacific,Credit Card,5199.96,2025,3,2025-03,Mar,2025Q1,Monday,17
ORD-10062,2025-03-03 19:00:00,CUST-880,Espresso Coffee Machine,Home & Kitchen,5,499.0,Europe,PayPal,2495.0,2025,3,2025-03,Mar,2025Q1,Monday,19
ORD-10490,2025-03-04 00:00:00,CUST-437,Bluetooth Portable Speaker,Audio & Accessories,2,89.99,Middle East,Debit Card,179.98,2025,3,2025-03,Mar,2025Q1,Tuesday,0
ORD-10969,2025-03-04 12:00:00,CUST-288,USB-C Multi-Port Hub,Audio & Accessories,2,45.0,Europe,Crypto,90.0,2025,3,2025-03,Mar,2025Q1,Tuesday,12
ORD-10250,2025-03-05 10:00:00,CUST-100,Wireless Vertical Mouse,Electronics,1,49.99,Latin America,PayPal,49.99,2025,3,2025-03,Mar,2025Q1,Wednesday,10
ORD-10839,2025-03-05 15:00:00,CUST-887,Noise-Isolating Earbuds,Audio & Accessories,3,29.99,Asia-Pacific,PayPal,89.97,2025,3,2025-03,Mar,2025Q1,Wednesday,15
ORD-10599,2025-03-05 17:00:00,CUST-UNKNOWN,Stainless Steel Water Bottle,Home & Kitchen,1,25.0,Europe,Bank Transfer,25.0,2025,3,2025-03,Mar,2025Q1,Wednesday,17
ORD-10064,2025-03-06 00:00:00,CUST-602,Bluetooth Portable Speaker,Audio & Accessories,1,89.99,North America,Credit Card,89.99,2025,3,2025-03,Mar,2025Q1,Thursday,0
ORD-10686,2025-03-06 00:00:00,CUST-390,Espresso Coffee Machine,Home & Kitchen,2,499.0,Europe,Credit Card,998.0,2025,3,2025-03,Mar,2025Q1,Thursday,0
ORD-10304,2025-03-06 08:00:00,CUST-799,Ergonomic Office Chair,Furniture,4,349.99,Latin America,PayPal,1399.96,2025,3,2025-03,Mar,2025Q1,Thursday,8
ORD-11170,2025-03-06 13:00:00,CUST-546,Wireless Noise-Canceling Headphones,Audio & Accessories,3,249.5,Middle East,Credit Card,748.5,2025,3,2025-03,Mar,2025Q1,Thursday,13
ORD-10527,2025-03-06 16:00:00,CUST-902,4K Ultra HD Smart Monitor 27in,Electronics,1,450.0,Asia-Pacific,Unspecified,450.0,2025,3,2025-03,Mar,2025Q1,Thursday,16
ORD-10560,2025-03-07 00:00:00,CUST-161,4K Ultra HD Smart Monitor 27in,Electronics,3,450.0,Asia-Pacific,PayPal,1350.0,2025,3,2025-03,Mar,2025Q1,Friday,0
ORD-10412,2025-03-07 08:00:00,CUST-UNKNOWN,Ergonomic Office Chair,Furniture,7,349.99,Latin America,Crypto,2449.93,2025,3,2025-03,Mar,2025Q1,Friday,8
ORD-10341,2025-03-08 00:00:00,CUST-215,Wireless Vertical Mouse,Electronics,2,49.99,Latin America,Debit Card,99.98,2025,3,2025-03,Mar,2025Q1,Saturday,0
ORD-10288,2025-03-08 00:00:00,CUST-UNKNOWN,Noise-Isolating Earbuds,Audio & Accessories,1,29.99,Asia-Pacific,Credit Card,29.99,2025,3,2025-03,Mar,2025Q1,Saturday,0
ORD-10278,2025-03-08 00:00:00,CUST-481,Smart LED Desk Lamp,Home & Kitchen,3,39.99,North America,Crypto,119.97,2025,3,2025-03,Mar,2025Q1,Saturday,0
ORD-10492,2025-03-08 17:00:00,CUST-632,HD Webcam 1080p,Electronics,1,69.99,Latin America,Debit Card,69.99,2025,3,2025-03,Mar,2025Q1,Saturday,17
ORD-10092,2025-03-09 00:00:00,CUST-434,USB-C Multi-Port Hub,Audio & Accessories,4,45.0,Latin America,PayPal,180.0,2025,3,2025-03,Mar,2025Q1,Sunday,0
ORD-10355,2025-03-09 00:00:00,CUST-282,Smart Fitness Watch V2,Electronics,3,199.95,Middle East,Crypto,599.85,2025,3,2025-03,Mar,2025Q1,Sunday,0
ORD-10658,2025-03-09 00:00:00,CUST-952,Noise-Isolating Earbuds,Audio & Accessories,3,29.99,Asia-Pacific,Crypto,89.97,2025,3,2025-03,Mar,2025Q1,Sunday,0
ORD-10102,2025-03-09 08:00:00,CUST-907,Mechanical Gaming Keyboard,Electronics,1,119.0,Europe,Crypto,119.0,2025,3,2025-03,Mar,2025Q1,Sunday,8
ORD-11067,2025-03-09 09:00:00,CUST-966,Espresso Coffee Machine,Home & Kitchen,1,499.0,North America,Credit Card,499.0,2025,3,2025-03,Mar,2025Q1,Sunday,9
ORD-10219,2025-03-09 09:00:00,CUST-559,Smart LED Desk Lamp,Home & Kitchen,5,39.99,Middle East,Crypto,199.95,2025,3,2025-03,Mar,2025Q1,Sunday,9
ORD-10076,2025-03-09 12:00:00,CUST-UNKNOWN,Smart LED Desk Lamp,Home & Kitchen,4,39.99,Latin America,Credit Card,159.96,2025,3,2025-03,Mar,2025Q1,Sunday,12
ORD-10890,2025-03-09 13:00:00,CUST-738,Smart Fitness Watch V2,Electronics,3,199.95,Latin America,Credit Card,599.85,2025,3,2025-03,Mar,2025Q1,Sunday,13
ORD-10841,2025-03-10 14:00:00,CUST-439,Ergonomic Office Chair,Furniture,3,349.99,North America,PayPal,1049.97,2025,3,2025-03,Mar,2025Q1,Monday,14
ORD-11456,2025-03-10 15:00:00,CUST-UNKNOWN,Smart Fitness Watch V2,Electronics,3,199.95,North America,Bank Transfer,599.85,2025,3,2025-03,Mar,2025Q1,Monday,15
ORD-10389,2025-03-10 18:00:00,CUST-686,HD Webcam 1080p,Electronics,4,69.99,Europe,Credit Card,279.96,2025,3,2025-03,Mar,2025Q1,Monday,18
ORD-11020,2025-03-10 19:00:00,CUST-884,Smart LED Desk Lamp,Home & Kitchen,3,39.99,Middle East,Crypto,119.97,2025,3,2025-03,Mar,2025Q1,Monday,19
ORD-10967,2025-03-11 00:00:00,CUST-755,Espresso Coffee Machine,Home & Kitchen,1,499.0,Europe,Bank Transfer,499.0,2025,3,2025-03,Mar,2025Q1,Tuesday,0
ORD-10603,2025-03-11 00:00:00,CUST-821,Smart Fitness Watch V2,Electronics,1,199.95,Asia-Pacific,Crypto,199.95,2025,3,2025-03,Mar,2025Q1,Tuesday,0
ORD-10520,2025-03-11 09:00:00,CUST-925,Stainless Steel Water Bottle,Home & Kitchen,3,25.0,Latin America,Debit Card,75.0,2025,3,2025-03,Mar,2025Q1,Tuesday,9
ORD-10151,2025-03-11 09:00:00,CUST-830,USB-C Multi-Port Hub,Audio & Accessories,1,45.0,Latin America,Credit Card,45.0,2025,3,2025-03,Mar,2025Q1,Tuesday,9
ORD-10050,2025-03-11 15:00:00,CUST-366,Stainless Steel Water Bottle,Home & Kitchen,9,25.0,Latin America,Bank Transfer,225.0,2025,3,2025-03,Mar,2025Q1,Tuesday,15
ORD-10833,2025-03-11 15:00:00,CUST-801,Stainless Steel Water Bottle,Home & Kitchen,1,25.0,Middle East,Credit Card,25.0,2025,3,2025-03,Mar,2025Q1,Tuesday,15
ORD-10550,2025-03-12 00:00:00,CUST-912,Stainless Steel Water Bottle,Home & Kitchen,2,25.0,Europe,Credit Card,50.0,2025,3,2025-03,Mar,2025Q1,Wednesday,0
ORD-10587,2025-03-12 11:00:00,CUST-490,USB-C Multi-Port Hub,Audio & Accessories,1,45.0,Asia-Pacific,Crypto,45.0,2025,3,2025-03,Mar,2025Q1,Wednesday,11
ORD-11424,2025-03-12 11:00:00,CUST-144,Wireless Noise-Canceling Headphones,Audio & Accessories,11,249.5,Europe,Debit Card,2744.5,2025,3,2025-03,Mar,2025Q1,Wednesday,11
ORD-10454,2025-03-12 12:00:00,CUST-696,USB-C Multi-Port Hub,Audio & Accessories,1,45.0,Europe,PayPal,45.0,2025,3,2025-03,Mar,2025Q1,Wednesday,12
ORD-10996,2025-03-12 16:00:00,CUST-859,Wireless Noise-Canceling Headphones,Audio & Accessories,6,249.5,Middle East,Unspecified,1497.0,2025,3,2025-03,Mar,2025Q1,Wednesday,16
ORD-11355,2025-03-13 00:00:00,CUST-UNKNOWN,HD Webcam 1080p,Electronics,5,69.99,Europe,PayPal,349.95,2025,3,2025-03,Mar,2025Q1,Thursday,0
ORD-10215,2025-03-13 00:00:00,CUST-841,Smart Fitness Watch V2,Electronics,1,199.95,North America,Crypto,199.95,2025,3,2025-03,Mar,2025Q1,Thursday,0
ORD-10973,2025-03-13 00:00:00,CUST-569,Noise-Isolating Earbuds,Audio & Accessories,1,29.99,Asia-Pacific,Credit Card,29.99,2025,3,2025-03,Mar,2025Q1,Thursday,0
ORD-11138,2025-03-13 00:00:00,CUST-119,Standing Desk Converter,Furniture,2,220.0,Europe,Unspecified,440.0,2025,3,2025-03,Mar,2025Q1,Thursday,0
ORD-10981,2025-03-13 08:00:00,CUST-517,Stainless Steel Water Bottle,Home & Kitchen,4,25.0,Middle East,Crypto,100.0,2025,3,2025-03,Mar,2025Q1,Thursday,8
ORD-10877,2025-03-13 12:00:00,CUST-955,Smart Fitness Watch V2,Electronics,3,199.95,Middle East,Debit Card,599.85,2025,3,2025-03,Mar,2025Q1,Thursday,12
ORD-10581,2025-03-13 18:00:00,CUST-415,USB-C Multi-Port Hub,Audio & Accessories,10,45.0,North America,Debit Card,450.0,2025,3,2025-03,Mar,2025Q1,Thursday,18
ORD-11083,2025-03-14 20:00:00,CUST-UNKNOWN,Wireless Noise-Canceling Headphones,Audio & Accessories,5,249.5,Europe,Debit Card,1247.5,2025,3,2025-03,Mar,2025Q1,Friday,20
ORD-11458,2025-03-14 20:00:00,CUST-196,Standing Desk Converter,Furniture,1,220.0,Middle East,Debit Card,220.0,2025,3,2025-03,Mar,2025Q1,Friday,20
ORD-10148,2025-03-15 00:00:00,CUST-548,Mechanical Gaming Keyboard,Electronics,1,119.0,North America,PayPal,119.0,2025,3,2025-03,Mar,2025Q1,Saturday,0
ORD-10864,2025-03-15 09:00:00,CUST-565,HD Webcam 1080p,Electronics,2,69.99,Latin America,Unspecified,139.98,2025,3,2025-03,Mar,2025Q1,Saturday,9
ORD-10308,2025-03-15 17:00:00,CUST-810,Mechanical Gaming Keyboard,Electronics,4,119.0,Latin America,Credit Card,476.0,2025,3,2025-03,Mar,2025Q1,Saturday,17
ORD-10959,2025-03-15 19:00:00,CUST-699,Wireless Noise-Canceling Headphones,Audio & Accessories,4,249.5,North America,Bank Transfer,998.0,2025,3,2025-03,Mar,2025Q1,Saturday,19
ORD-10484,2025-03-16 00:00:00,CUST-152,Wireless Vertical Mouse,Electronics,3,49.99,Latin America,Bank Transfer,149.97,2025,3,2025-03,Mar,2025Q1,Sunday,0
ORD-10529,2025-03-16 00:00:00,CUST-257,Wireless Vertical Mouse,Electronics,5,49.99,Latin America,Debit Card,249.95,2025,3,2025-03,Mar,2025Q1,Sunday,0
ORD-11059,2025-03-17 10:00:00,CUST-995,Noise-Isolating Earbuds,Audio & Accessories,3,29.99,North America,Bank Transfer,89.97,2025,3,2025-03,Mar,2025Q1,Monday,10
ORD-10879,2025-03-17 13:00:00,CUST-350,Wireless Vertical Mouse,Electronics,1,49.99,North America,Credit Card,49.99,2025,3,2025-03,Mar,2025Q1,Monday,13
ORD-11275,2025-03-17 15:00:00,CUST-668,Smart LED Desk Lamp,Home & Kitchen,1,39.99,Europe,Crypto,39.99,2025,3,2025-03,Mar,2025Q1,Monday,15
ORD-10937,2025-03-17 20:00:00,CUST-970,Mechanical Gaming Keyboard,Electronics,6,119.0,Latin America,Debit Card,714.0,2025,3,2025-03,Mar,2025Q1,Monday,20
ORD-11245,2025-03-18 00:00:00,CUST-909,4K Ultra HD Smart Monitor 27in,Electronics,3,450.0,Europe,Bank Transfer,1350.0,2025,3,2025-03,Mar,2025Q1,Tuesday,0
ORD-10747,2025-03-18 14:00:00,CUST-840,Stainless Steel Water Bottle,Home & Kitchen,2,25.0,Europe,Debit Card,50.0,2025,3,2025-03,Mar,2025Q1,Tuesday,14
ORD-10515,2025-03-18 15:00:00,CUST-499,Smart LED Desk Lamp,Home & Kitchen,1,39.99,Middle East,Crypto,39.99,2025,3,2025-03,Mar,2025Q1,Tuesday,15
ORD-11378,2025-03-18 19:00:00,CUST-888,Mechanical Gaming Keyboard,Electronics,2,119.0,Asia-Pacific,Bank Transfer,238.0,2025,3,2025-03,Mar,2025Q1,Tuesday,19
ORD-11173,2025-03-19 00:00:00,CUST-724,Wireless Vertical Mouse,Electronics,1,49.99,Latin America,PayPal,49.99,2025,3,2025-03,Mar,2025Q1,Wednesday,0
ORD-11030,2025-03-19 00:00:00,CUST-851,Ergonomic Office Chair,Furniture,1,349.99,Latin America,Bank Transfer,349.99,2025,3,2025-03,Mar,2025Q1,Wednesday,0
ORD-11336,2025-03-19 08:00:00,CUST-424,Smart Fitness Watch V2,Electronics,1,199.95,Europe,PayPal,199.95,2025,3,2025-03,Mar,2025Q1,Wednesday,8
ORD-11372,2025-03-19 08:00:00,CUST-281,Smart LED Desk Lamp,Home & Kitchen,5,39.99,North America,PayPal,199.95,2025,3,2025-03,Mar,2025Q1,Wednesday,8
ORD-11142,2025-03-19 17:00:00,CUST-304,Standing Desk Converter,Furniture,3,220.0,Middle East,Credit Card,660.0,2025,3,2025-03,Mar,2025Q1,Wednesday,17
ORD-11148,2025-03-19 18:00:00,CUST-286,Noise-Isolating Earbuds,Audio & Accessories,5,29.99,Middle East,Bank Transfer,149.95,2025,3,2025-03,Mar,2025Q1,Wednesday,18
ORD-10668,2025-03-20 00:00:00,CUST-596,Wireless Noise-Canceling Headphones,Audio & Accessories,1,249.5,Latin America,Credit Card,249.5,2025,3,2025-03,Mar,2025Q1,Thursday,0
ORD-10205,2025-03-20 11:00:00,CUST-488,Espresso Coffee Machine,Home & Kitchen,1,499.0,Middle East,PayPal,499.0,2025,3,2025-03,Mar,2025Q1,Thursday,11
ORD-10444,2025-03-20 17:00:00,CUST-519,USB-C Multi-Port Hub,Audio & Accessories,4,45.0,Asia-Pacific,Credit Card,180.0,2025,3,2025-03,Mar,2025Q1,Thursday,17
ORD-10891,2025-03-20 17:00:00,CUST-609,HD Webcam 1080p,Electronics,5,69.99,North America,Credit Card,349.95,2025,3,2025-03,Mar,2025Q1,Thursday,17
ORD-10009,2025-03-20 18:00:00,CUST-796,UltraBook Pro 15,Electronics,3,1299.99,Latin America,Crypto,3899.97,2025,3,2025-03,Mar,2025Q1,Thursday,18
ORD-10002,2025-03-21 00:00:00,CUST-444,Standing Desk Converter,Furniture,4,220.0,North America,Credit Card,880.0,2025,3,2025-03,Mar,2025Q1,Friday,0
ORD-10083,2025-03-21 09:00:00,CUST-371,Wireless Vertical Mouse,Electronics,1,49.99,Asia-Pacific,Crypto,49.99,2025,3,2025-03,Mar,2025Q1,Friday,9
ORD-10660,2025-03-21 15:00:00,CUST-762,Stainless Steel Water Bottle,Home & Kitchen,2,25.0,Middle East,Credit Card,50.0,2025,3,2025-03,Mar,2025Q1,Friday,15
ORD-10829,2025-03-21 18:00:00,CUST-487,UltraBook Pro 15,Electronics,2,1299.99,Middle East,Bank Transfer,2599.98,2025,3,2025-03,Mar,2025Q1,Friday,18
ORD-10496,2025-03-21 18:00:00,CUST-985,Smart LED Desk Lamp,Home & Kitchen,3,39.99,Middle East,Bank Transfer,119.97,2025,3,2025-03,Mar,2025Q1,Friday,18
ORD-10403,2025-03-22 00:00:00,CUST-898,Ergonomic Office Chair,Furniture,5,349.99,Latin America,Unspecified,1749.95,2025,3,2025-03,Mar,2025Q1,Saturday,0
ORD-10178,2025-03-22 00:00:00,CUST-999,Bluetooth Portable Speaker,Audio & Accessories,7,89.99,Latin America,Debit Card,629.93,2025,3,2025-03,Mar,2025Q1,Saturday,0
ORD-10882,2025-03-22 00:00:00,CUST-634,Ergonomic Office Chair,Furniture,1,349.99,Latin America,PayPal,349.99,2025,3,2025-03,Mar,2025Q1,Saturday,0
ORD-10754,2025-03-22 09:00:00,CUST-528,Noise-Isolating Earbuds,Audio & Accessories,1,29.99,Latin America,Credit Card,29.99,2025,3,2025-03,Mar,2025Q1,Saturday,9
ORD-11265,2025-03-23 00:00:00,CUST-161,Standing Desk Converter,Furniture,1,220.0,Asia-Pacific,Credit Card,220.0,2025,3,2025-03,Mar,2025Q1,Sunday,0
ORD-10556,2025-03-23 00:00:00,CUST-155,USB-C Multi-Port Hub,Audio & Accessories,1,45.0,Asia-Pacific,Bank Transfer,45.0,2025,3,2025-03,Mar,2025Q1,Sunday,0
ORD-11176,2025-03-23 18:00:00,CUST-705,Ergonomic Office Chair,Furniture,4,349.99,Europe,PayPal,1399.96,2025,3,2025-03,Mar,2025Q1,Sunday,18
ORD-10600,2025-03-24 00:00:00,CUST-727,HD Webcam 1080p,Electronics,1,69.99,Europe,Unspecified,69.99,2025,3,2025-03,Mar,2025Q1,Monday,0
ORD-10881,2025-03-24 08:00:00,CUST-533,Smart LED Desk Lamp,Home & Kitchen,3,39.99,Latin America,Crypto,119.97,2025,3,2025-03,Mar,2025Q1,Monday,8
ORD-11188,2025-03-24 11:00:00,CUST-984,Stainless Steel Water Bottle,Home & Kitchen,1,25.0,Middle East,Bank Transfer,25.0,2025,3,2025-03,Mar,2025Q1,Monday,11
ORD-10577,2025-03-24 19:00:00,CUST-286,Mechanical Gaming Keyboard,Electronics,7,119.0,Europe,PayPal,833.0,2025,3,2025-03,Mar,2025Q1,Monday,19
ORD-11312,2025-03-25 08:00:00,CUST-439,USB-C Multi-Port Hub,Audio & Accessories,2,45.0,Latin America,Credit Card,90.0,2025,3,2025-03,Mar,2025Q1,Tuesday,8
ORD-10344,2025-03-26 00:00:00,CUST-428,Wireless Vertical Mouse,Electronics,2,49.99,Europe,Bank Transfer,99.98,2025,3,2025-03,Mar,2025Q1,Wednesday,0
ORD-10093,2025-03-26 00:00:00,CUST-593,Bluetooth Portable Speaker,Audio & Accessories,2,89.99,Asia-Pacific,Bank Transfer,179.98,2025,3,2025-03,Mar,2025Q1,Wednesday,0
ORD-11475,2025-03-26 00:00:00,CUST-823,4K Ultra HD Smart Monitor 27in,Electronics,3,450.0,Middle East,Crypto,1350.0,2025,3,2025-03,Mar,2025Q1,Wednesday,0
ORD-11486,2025-03-26 00:00:00,CUST-101,Noise-Isolating Earbuds,Audio & Accessories,2,29.99,North America,Crypto,59.98,2025,3,2025-03,Mar,2025Q1,Wednesday,0
ORD-11284,2025-03-26 14:00:00,CUST-649,Bluetooth Portable Speaker,Audio & Accessories,1,89.99,North America,Crypto,89.99,2025,3,2025-03,Mar,2025Q1,Wednesday,14
ORD-11494,2025-03-26 18:00:00,CUST-717,Wireless Vertical Mouse,Electronics,3,49.99,Europe,Credit Card,149.97,2025,3,2025-03,Mar,2025Q1,Wednesday,18
ORD-11247,2025-03-27 08:00:00,CUST-817,USB-C Multi-Port Hub,Audio & Accessories,1,45.0,Asia-Pacific,Bank Transfer,45.0,2025,3,2025-03,Mar,2025Q1,Thursday,8
ORD-10240,2025-03-27 09:00:00,CUST-UNKNOWN,Wireless Vertical Mouse,Electronics,7,49.99,Europe,Bank Transfer,349.93,2025,3,2025-03,Mar,2025Q1,Thursday,9
ORD-11024,2025-03-28 00:00:00,CUST-365,USB-C Multi-Port Hub,Audio & Accessories,7,45.0,Middle East,Credit Card,315.0,2025,3,2025-03,Mar,2025Q1,Friday,0
ORD-10763,2025-03-28 00:00:00,CUST-111,4K Ultra HD Smart Monitor 27in,Electronics,4,450.0,Asia-Pacific,PayPal,1800.0,2025,3,2025-03,Mar,2025Q1,Friday,0
ORD-11344,2025-03-28 00:00:00,CUST-760,4K Ultra HD Smart Monitor 27in,Electronics,4,450.0,Middle East,Crypto,1800.0,2025,3,2025-03,Mar,2025Q1,Friday,0
ORD-10812,2025-03-28 08:00:00,CUST-585,Standing Desk Converter,Furniture,1,220.0,Europe,Credit Card,220.0,2025,3,2025-03,Mar,2025Q1,Friday,8
ORD-11374,2025-03-29 00:00:00,CUST-602,Wireless Vertical Mouse,Electronics,1,49.99,North America,Bank Transfer,49.99,2025,3,2025-03,Mar,2025Q1,Saturday,0
ORD-10425,2025-03-29 08:00:00,CUST-465,Mechanical Gaming Keyboard,Electronics,2,119.0,Asia-Pacific,Debit Card,238.0,2025,3,2025-03,Mar,2025Q1,Saturday,8
ORD-11349,2025-03-29 20:00:00,CUST-932,UltraBook Pro 15,Electronics,1,1299.99,North America,Crypto,1299.99,2025,3,2025-03,Mar,2025Q1,Saturday,20
ORD-10576,2025-03-29 20:00:00,CUST-595,HD Webcam 1080p,Electronics,1,69.99,Asia-Pacific,Bank Transfer,69.99,2025,3,2025-03,Mar,2025Q1,Saturday,20
ORD-10674,2025-03-30 11:00:00,CUST-603,Espresso Coffee Machine,Home & Kitchen,2,499.0,North America,Debit Card,998.0,2025,3,2025-03,Mar,2025Q1,Sunday,11
ORD-11232,2025-03-31 00:00:00,CUST-264,Ergonomic Office Chair,Furniture,1,349.99,Asia-Pacific,Credit Card,349.99,2025,3,2025-03,Mar,2025Q1,Monday,0
ORD-11478,2025-03-31 11:00:00,CUST-959,Wireless Vertical Mouse,Electronics,4,49.99,Europe,Bank Transfer,199.96,2025,3,2025-03,Mar,2025Q1,Monday,11
ORD-11241,2025-03-31 12:00:00,CUST-921,USB-C Multi-Port Hub,Audio & Accessories,4,45.0,Middle East,PayPal,180.0,2025,3,2025-03,Mar,2025Q1,Monday,12
ORD-10233,2025-03-31 16:00:00,CUST-673,Espresso Coffee Machine,Home & Kitchen,2,499.0,Latin America,Debit Card,998.0,2025,3,2025-03,Mar,2025Q1,Monday,16
ORD-10039,2025-03-31 17:00:00,CUST-515,Standing Desk Converter,Furniture,2,220.0,Middle East,Credit Card,440.0,2025,3,2025-03,Mar,2025Q1,Monday,17
ORD-11347,2025-04-01 12:00:00,CUST-UNKNOWN,Smart LED Desk Lamp,Home & Kitchen,2,39.99,Europe,PayPal,79.98,2025,4,2025-04,Apr,2025Q2,Tuesday,12
ORD-10352,2025-04-01 19:00:00,CUST-848,Noise-Isolating Earbuds,Audio & Accessories,3,29.99,Europe,Credit Card,89.97,2025,4,2025-04,Apr,2025Q2,Tuesday,19
ORD-10808,2025-04-02 00:00:00,CUST-406,Espresso Coffee Machine,Home & Kitchen,2,499.0,Europe,Credit Card,998.0,2025,4,2025-04,Apr,2025Q2,Wednesday,0
ORD-11107,2025-04-02 00:00:00,CUST-852,Wireless Noise-Canceling Headphones,Audio & Accessories,4,249.5,Latin America,Crypto,998.0,2025,4,2025-04,Apr,2025Q2,Wednesday,0
ORD-11438,2025-04-02 08:00:00,CUST-970,Smart Fitness Watch V2,Electronics,1,199.95,Europe,PayPal,199.95,2025,4,2025-04,Apr,2025Q2,Wednesday,8
ORD-11348,2025-04-02 16:00:00,CUST-573,Smart LED Desk Lamp,Home & Kitchen,11,39.99,Middle East,Bank Transfer,439.89,2025,4,2025-04,Apr,2025Q2,Wednesday,16
ORD-11087,2025-04-02 20:00:00,CUST-470,HD Webcam 1080p,Electronics,1,69.99,Asia-Pacific,Crypto,69.99,2025,4,2025-04,Apr,2025Q2,Wednesday,20
ORD-10434,2025-04-03 00:00:00,CUST-356,Wireless Noise-Canceling Headphones,Audio & Accessories,1,249.5,Latin America,Credit Card,249.5,2025,4,2025-04,Apr,2025Q2,Thursday,0
ORD-11151,2025-04-03 09:00:00,CUST-716,Mechanical Gaming Keyboard,Electronics,5,119.0,North America,PayPal,595.0,2025,4,2025-04,Apr,2025Q2,Thursday,9
ORD-10409,2025-04-04 00:00:00,CUST-294,Noise-Isolating Earbuds,Audio & Accessories,1,29.99,Latin America,PayPal,29.99,2025,4,2025-04,Apr,2025Q2,Friday,0
ORD-10509,2025-04-04 00:00:00,CUST-438,Noise-Isolating Earbuds,Audio & Accessories,4,29.99,Asia-Pacific,Debit Card,119.96,2025,4,2025-04,Apr,2025Q2,Friday,0
ORD-10391,2025-04-04 00:00:00,CUST-370,HD Webcam 1080p,Electronics,2,69.99,Europe,Bank Transfer,139.98,2025,4,2025-04,Apr,2025Q2,Friday,0
ORD-11134,2025-04-04 00:00:00,CUST-881,Stainless Steel Water Bottle,Home & Kitchen,3,25.0,Europe,PayPal,75.0,2025,4,2025-04,Apr,2025Q2,Friday,0
ORD-11127,2025-04-04 00:00:00,CUST-978,4K Ultra HD Smart Monitor 27in,Electronics,2,450.0,Europe,PayPal,900.0,2025,4,2025-04,Apr,2025Q2,Friday,0
ORD-10703,2025-04-04 00:00:00,CUST-257,Mechanical Gaming Keyboard,Electronics,1,119.0,Asia-Pacific,Debit Card,119.0,2025,4,2025-04,Apr,2025Q2,Friday,0
ORD-11499,2025-04-04 09:00:00,CUST-367,HD Webcam 1080p,Electronics,5,69.99,Middle East,Debit Card,349.95,2025,4,2025-04,Apr,2025Q2,Friday,9
ORD-10663,2025-04-04 14:00:00,CUST-526,Stainless Steel Water Bottle,Home & Kitchen,1,25.0,Asia-Pacific,Bank Transfer,25.0,2025,4,2025-04,Apr,2025Q2,Friday,14
ORD-10578,2025-04-05 11:00:00,CUST-135,USB-C Multi-Port Hub,Audio & Accessories,2,45.0,Asia-Pacific,Bank Transfer,90.0,2025,4,2025-04,Apr,2025Q2,Saturday,11
ORD-10364,2025-04-05 16:00:00,CUST-617,Bluetooth Portable Speaker,Audio & Accessories,7,89.99,Europe,Debit Card,629.93,2025,4,2025-04,Apr,2025Q2,Saturday,16
ORD-10182,2025-04-06 00:00:00,CUST-909,Stainless Steel Water Bottle,Home & Kitchen,7,25.0,Asia-Pacific,Crypto,175.0,2025,4,2025-04,Apr,2025Q2,Sunday,0
ORD-10664,2025-04-06 11:00:00,CUST-864,4K Ultra HD Smart Monitor 27in,Electronics,1,450.0,Middle East,Unspecified,450.0,2025,4,2025-04,Apr,2025Q2,Sunday,11
ORD-11346,2025-04-06 11:00:00,CUST-270,4K Ultra HD Smart Monitor 27in,Electronics,1,450.0,Middle East,Credit Card,450.0,2025,4,2025-04,Apr,2025Q2,Sunday,11
ORD-11100,2025-04-06 12:00:00,CUST-146,Espresso Coffee Machine,Home & Kitchen,1,499.0,Middle East,Debit Card,499.0,2025,4,2025-04,Apr,2025Q2,Sunday,12
ORD-11255,2025-04-06 15:00:00,CUST-792,USB-C Multi-Port Hub,Audio & Accessories,2,45.0,Middle East,Credit Card,90.0,2025,4,2025-04,Apr,2025Q2,Sunday,15
ORD-10429,2025-04-07 00:00:00,CUST-547,UltraBook Pro 15,Electronics,1,1299.99,Latin America,PayPal,1299.99,2025,4,2025-04,Apr,2025Q2,Monday,0
ORD-10803,2025-04-07 00:00:00,CUST-686,Espresso Coffee Machine,Home & Kitchen,3,499.0,Asia-Pacific,Unspecified,1497.0,2025,4,2025-04,Apr,2025Q2,Monday,0
ORD-10319,2025-04-07 10:00:00,CUST-346,Noise-Isolating Earbuds,Audio & Accessories,1,29.99,North America,Unspecified,29.99,2025,4,2025-04,Apr,2025Q2,Monday,10
ORD-10650,2025-04-07 10:00:00,CUST-287,Smart LED Desk Lamp,Home & Kitchen,1,39.99,North America,Debit Card,39.99,2025,4,2025-04,Apr,2025Q2,Monday,10
ORD-11450,2025-04-07 16:00:00,CUST-509,Ergonomic Office Chair,Furniture,2,349.99,Asia-Pacific,PayPal,699.98,2025,4,2025-04,Apr,2025Q2,Monday,16
ORD-10863,2025-04-07 17:00:00,CUST-UNKNOWN,Wireless Vertical Mouse,Electronics,2,49.99,Europe,Bank Transfer,99.98,2025,4,2025-04,Apr,2025Q2,Monday,17
ORD-11256,2025-04-07 19:00:00,CUST-879,4K Ultra HD Smart Monitor 27in,Electronics,1,450.0,North America,PayPal,450.0,2025,4,2025-04,Apr,2025Q2,Monday,19
ORD-10804,2025-04-08 00:00:00,CUST-427,UltraBook Pro 15,Electronics,2,1299.99,Asia-Pacific,PayPal,2599.98,2025,4,2025-04,Apr,2025Q2,Tuesday,0
ORD-11128,2025-04-08 00:00:00,CUST-165,Bluetooth Portable Speaker,Audio & Accessories,2,89.99,Europe,Crypto,179.98,2025,4,2025-04,Apr,2025Q2,Tuesday,0
ORD-10544,2025-04-08 00:00:00,CUST-209,Bluetooth Portable Speaker,Audio & Accessories,3,89.99,Asia-Pacific,Debit Card,269.97,2025,4,2025-04,Apr,2025Q2,Tuesday,0
ORD-10852,2025-04-08 00:00:00,CUST-201,Noise-Isolating Earbuds,Audio & Accessories,1,29.99,North America,Crypto,29.99,2025,4,2025-04,Apr,2025Q2,Tuesday,0
ORD-10855,2025-04-08 00:00:00,CUST-606,HD Webcam 1080p,Electronics,1,69.99,Middle East,Crypto,69.99,2025,4,2025-04,Apr,2025Q2,Tuesday,0
ORD-11261,2025-04-08 11:00:00,CUST-143,USB-C Multi-Port Hub,Audio & Accessories,4,45.0,Asia-Pacific,Debit Card,180.0,2025,4,2025-04,Apr,2025Q2,Tuesday,11
ORD-10350,2025-04-08 19:00:00,CUST-875,Ergonomic Office Chair,Furniture,2,349.99,Latin America,Credit Card,699.98,2025,4,2025-04,Apr,2025Q2,Tuesday,19
ORD-11454,2025-04-09 19:00:00,CUST-186,Stainless Steel Water Bottle,Home & Kitchen,1,25.0,Latin America,Debit Card,25.0,2025,4,2025-04,Apr,2025Q2,Wednesday,19
ORD-11485,2025-04-09 20:00:00,CUST-654,Wireless Noise-Canceling Headphones,Audio & Accessories,2,249.5,Europe,PayPal,499.0,2025,4,2025-04,Apr,2025Q2,Wednesday,20
ORD-11203,2025-04-10 00:00:00,CUST-UNKNOWN,Standing Desk Converter,Furniture,1,220.0,Europe,PayPal,220.0,2025,4,2025-04,Apr,2025Q2,Thursday,0
ORD-11171,2025-04-10 00:00:00,CUST-327,Noise-Isolating Earbuds,Audio & Accessories,10,29.99,North America,PayPal,299.9,2025,4,2025-04,Apr,2025Q2,Thursday,0
ORD-10324,2025-04-10 16:00:00,CUST-797,Wireless Noise-Canceling Headphones,Audio & Accessories,8,249.5,Latin America,Crypto,1996.0,2025,4,2025-04,Apr,2025Q2,Thursday,16
ORD-10727,2025-04-10 17:00:00,CUST-621,Espresso Coffee Machine,Home & Kitchen,4,499.0,Asia-Pacific,Bank Transfer,1996.0,2025,4,2025-04,Apr,2025Q2,Thursday,17
ORD-11068,2025-04-10 18:00:00,CUST-117,4K Ultra HD Smart Monitor 27in,Electronics,2,450.0,Asia-Pacific,Bank Transfer,900.0,2025,4,2025-04,Apr,2025Q2,Thursday,18
ORD-10910,2025-04-11 00:00:00,CUST-459,Bluetooth Portable Speaker,Audio & Accessories,3,89.99,Latin America,Debit Card,269.97,2025,4,2025-04,Apr,2025Q2,Friday,0
ORD-10361,2025-04-11 00:00:00,CUST-298,Bluetooth Portable Speaker,Audio & Accessories,3,89.99,Asia-Pacific,Debit Card,269.97,2025,4,2025-04,Apr,2025Q2,Friday,0
ORD-10735,2025-04-11 08:00:00,CUST-368,Bluetooth Portable Speaker,Audio & Accessories,5,89.99,North America,Credit Card,449.95,2025,4,2025-04,Apr,2025Q2,Friday,8
ORD-10901,2025-04-12 00:00:00,CUST-593,Smart LED Desk Lamp,Home & Kitchen,1,39.99,Latin America,Crypto,39.99,2025,4,2025-04,Apr,2025Q2,Saturday,0
ORD-11264,2025-04-12 08:00:00,CUST-262,Mechanical Gaming Keyboard,Electronics,1,119.0,Asia-Pacific,Crypto,119.0,2025,4,2025-04,Apr,2025Q2,Saturday,8
ORD-11238,2025-04-12 10:00:00,CUST-579,Standing Desk Converter,Furniture,9,220.0,Europe,PayPal,1980.0,2025,4,2025-04,Apr,2025Q2,Saturday,10
ORD-10730,2025-04-13 00:00:00,CUST-904,Smart Fitness Watch V2,Electronics,1,199.95,North America,Bank Transfer,199.95,2025,4,2025-04,Apr,2025Q2,Sunday,0
ORD-10357,2025-04-13 00:00:00,CUST-264,Standing Desk Converter,Furniture,3,220.0,Asia-Pacific,Bank Transfer,660.0,2025,4,2025-04,Apr,2025Q2,Sunday,0
ORD-10847,2025-04-13 00:00:00,CUST-489,Noise-Isolating Earbuds,Audio & Accessories,14,29.99,Latin America,Crypto,419.86,2025,4,2025-04,Apr,2025Q2,Sunday,0
ORD-10143,2025-04-13 08:00:00,CUST-417,USB-C Multi-Port Hub,Audio & Accessories,1,45.0,Middle East,Debit Card,45.0,2025,4,2025-04,Apr,2025Q2,Sunday,8
ORD-10961,2025-04-13 12:00:00,CUST-667,Mechanical Gaming Keyboard,Electronics,3,119.0,Europe,Bank Transfer,357.0,2025,4,2025-04,Apr,2025Q2,Sunday,12
ORD-11422,2025-04-13 18:00:00,CUST-962,Smart LED Desk Lamp,Home & Kitchen,1,39.99,Middle East,Crypto,39.99,2025,4,2025-04,Apr,2025Q2,Sunday,18
ORD-10334,2025-04-13 20:00:00,CUST-635,USB-C Multi-Port Hub,Audio & Accessories,1,45.0,Europe,Bank Transfer,45.0,2025,4,2025-04,Apr,2025Q2,Sunday,20
ORD-10360,2025-04-14 00:00:00,CUST-981,UltraBook Pro 15,Electronics,2,1299.99,Latin America,PayPal,2599.98,2025,4,2025-04,Apr,2025Q2,Monday,0
ORD-10485,2025-04-14 08:00:00,CUST-359,Wireless Noise-Canceling Headphones,Audio & Accessories,6,249.5,North America,Debit Card,1497.0,2025,4,2025-04,Apr,2025Q2,Monday,8
ORD-10445,2025-04-14 09:00:00,CUST-201,Mechanical Gaming Keyboard,Electronics,7,119.0,North America,Crypto,833.0,2025,4,2025-04,Apr,2025Q2,Monday,9
ORD-10471,2025-04-14 10:00:00,CUST-822,Bluetooth Portable Speaker,Audio & Accessories,9,89.99,Middle East,PayPal,809.91,2025,4,2025-04,Apr,2025Q2,Monday,10
ORD-11292,2025-04-15 00:00:00,CUST-862,Noise-Isolating Earbuds,Audio & Accessories,2,29.99,North America,Debit Card,59.98,2025,4,2025-04,Apr,2025Q2,Tuesday,0
ORD-10707,2025-04-15 00:00:00,CUST-482,USB-C Multi-Port Hub,Audio & Accessories,4,45.0,Middle East,PayPal,180.0,2025,4,2025-04,Apr,2025Q2,Tuesday,0
ORD-10776,2025-04-15 10:00:00,CUST-706,Ergonomic Office Chair,Furniture,1,349.99,Middle East,PayPal,349.99,2025,4,2025-04,Apr,2025Q2,Tuesday,10
ORD-11008,2025-04-15 13:00:00,CUST-949,USB-C Multi-Port Hub,Audio & Accessories,1,45.0,Latin America,Credit Card,45.0,2025,4,2025-04,Apr,2025Q2,Tuesday,13
ORD-11084,2025-04-15 14:00:00,CUST-350,Wireless Noise-Canceling Headphones,Audio & Accessories,7,249.5,Europe,Crypto,1746.5,2025,4,2025-04,Apr,2025Q2,Tuesday,14
ORD-10028,2025-04-15 18:00:00,CUST-370,Ergonomic Office Chair,Furniture,3,349.99,Middle East,Debit Card,1049.97,2025,4,2025-04,Apr,2025Q2,Tuesday,18
ORD-10701,2025-04-16 00:00:00,CUST-959,UltraBook Pro 15,Electronics,1,1299.99,Middle East,Debit Card,1299.99,2025,4,2025-04,Apr,2025Q2,Wednesday,0
ORD-10733,2025-04-16 14:00:00,CUST-106,Smart LED Desk Lamp,Home & Kitchen,2,39.99,Asia-Pacific,Credit Card,79.98,2025,4,2025-04,Apr,2025Q2,Wednesday,14
ORD-10939,2025-04-16 19:00:00,CUST-UNKNOWN,Ergonomic Office Chair,Furniture,2,349.99,North America,PayPal,699.98,2025,4,2025-04,Apr,2025Q2,Wednesday,19
ORD-10244,2025-04-16 20:00:00,CUST-459,Smart LED Desk Lamp,Home & Kitchen,1,39.99,Middle East,Bank Transfer,39.99,2025,4,2025-04,Apr,2025Q2,Wednesday,20
ORD-10487,2025-04-17 08:00:00,CUST-156,Stainless Steel Water Bottle,Home & Kitchen,1,25.0,Asia-Pacific,Credit Card,25.0,2025,4,2025-04,Apr,2025Q2,Thursday,8
ORD-10919,2025-04-17 14:00:00,CUST-914,Wireless Vertical Mouse,Electronics,1,49.99,North America,Debit Card,49.99,2025,4,2025-04,Apr,2025Q2,Thursday,14
ORD-10275,2025-04-17 15:00:00,CUST-371,Wireless Noise-Canceling Headphones,Audio & Accessories,2,249.5,North America,Credit Card,499.0,2025,4,2025-04,Apr,2025Q2,Thursday,15
ORD-10767,2025-04-17 16:00:00,CUST-538,Stainless Steel Water Bottle,Home & Kitchen,5,25.0,North America,PayPal,125.0,2025,4,2025-04,Apr,2025Q2,Thursday,16
ORD-10172,2025-04-17 16:00:00,CUST-778,Espresso Coffee Machine,Home & Kitchen,2,499.0,Latin America,Crypto,998.0,2025,4,2025-04,Apr,2025Q2,Thursday,16
ORD-10326,2025-04-18 00:00:00,CUST-690,UltraBook Pro 15,Electronics,2,1299.99,Europe,Debit Card,2599.98,2025,4,2025-04,Apr,2025Q2,Friday,0
ORD-11363,2025-04-18 00:00:00,CUST-267,Bluetooth Portable Speaker,Audio & Accessories,3,89.99,North America,Bank Transfer,269.97,2025,4,2025-04,Apr,2025Q2,Friday,0
ORD-10716,2025-04-18 08:00:00,CUST-940,Espresso Coffee Machine,Home & Kitchen,5,499.0,Latin America,Credit Card,2495.0,2025,4,2025-04,Apr,2025Q2,Friday,8
ORD-11077,2025-04-18 12:00:00,CUST-367,Wireless Noise-Canceling Headphones,Audio & Accessories,3,249.5,North America,Credit Card,748.5,2025,4,2025-04,Apr,2025Q2,Friday,12
ORD-11039,2025-04-18 13:00:00,CUST-260,Bluetooth Portable Speaker,Audio & Accessories,1,89.99,Middle East,Debit Card,89.99,2025,4,2025-04,Apr,2025Q2,Friday,13
ORD-11023,2025-04-18 14:00:00,CUST-688,Espresso Coffee Machine,Home & Kitchen,9,499.0,Middle East,Bank Transfer,4491.0,2025,4,2025-04,Apr,2025Q2,Friday,14
ORD-10005,2025-04-18 18:00:00,CUST-799,Mechanical Gaming Keyboard,Electronics,1,119.0,North America,Crypto,119.0,2025,4,2025-04,Apr,2025Q2,Friday,18
ORD-10849,2025-04-19 12:00:00,CUST-721,UltraBook Pro 15,Electronics,3,1299.99,North America,Debit Card,3899.97,2025,4,2025-04,Apr,2025Q2,Saturday,12
ORD-10929,2025-04-19 16:00:00,CUST-674,Standing Desk Converter,Furniture,1,220.0,Asia-Pacific,Crypto,220.0,2025,4,2025-04,Apr,2025Q2,Saturday,16
ORD-10453,2025-04-20 13:00:00,CUST-941,4K Ultra HD Smart Monitor 27in,Electronics,6,450.0,Asia-Pacific,Crypto,2700.0,2025,4,2025-04,Apr,2025Q2,Sunday,13
ORD-11457,2025-04-21 00:00:00,CUST-943,Ergonomic Office Chair,Furniture,3,349.99,Asia-Pacific,PayPal,1049.97,2025,4,2025-04,Apr,2025Q2,Monday,0
ORD-10889,2025-04-21 00:00:00,CUST-244,Espresso Coffee Machine,Home & Kitchen,1,499.0,Europe,Crypto,499.0,2025,4,2025-04,Apr,2025Q2,Monday,0
ORD-11480,2025-04-21 12:00:00,CUST-841,Stainless Steel Water Bottle,Home & Kitchen,4,25.0,Europe,Crypto,100.0,2025,4,2025-04,Apr,2025Q2,Monday,12
ORD-11057,2025-04-21 12:00:00,CUST-677,Ergonomic Office Chair,Furniture,2,349.99,North America,PayPal,699.98,2025,4,2025-04,Apr,2025Q2,Monday,12
ORD-10822,2025-04-21 17:00:00,CUST-231,Mechanical Gaming Keyboard,Electronics,1,119.0,Middle East,Debit Card,119.0,2025,4,2025-04,Apr,2025Q2,Monday,17
ORD-10562,2025-04-21 17:00:00,CUST-573,Bluetooth Portable Speaker,Audio & Accessories,1,89.99,Asia-Pacific,Credit Card,89.99,2025,4,2025-04,Apr,2025Q2,Monday,17
ORD-11310,2025-04-21 17:00:00,CUST-110,Espresso Coffee Machine,Home & Kitchen,1,499.0,Europe,Crypto,499.0,2025,4,2025-04,Apr,2025Q2,Monday,17
ORD-11470,2025-04-22 00:00:00,CUST-464,Wireless Noise-Canceling Headphones,Audio & Accessories,2,249.5,North America,Debit Card,499.0,2025,4,2025-04,Apr,2025Q2,Tuesday,0
ORD-10768,2025-04-23 00:00:00,CUST-385,Smart Fitness Watch V2,Electronics,1,199.95,Middle East,Bank Transfer,199.95,2025,4,2025-04,Apr,2025Q2,Wednesday,0
ORD-10766,2025-04-23 00:00:00,CUST-950,Stainless Steel Water Bottle,Home & Kitchen,4,25.0,Europe,PayPal,100.0,2025,4,2025-04,Apr,2025Q2,Wednesday,0
ORD-10285,2025-04-23 00:00:00,CUST-916,Noise-Isolating Earbuds,Audio & Accessories,1,29.99,Latin America,Bank Transfer,29.99,2025,4,2025-04,Apr,2025Q2,Wednesday,0
ORD-10535,2025-04-23 19:00:00,CUST-297,Bluetooth Portable Speaker,Audio & Accessories,7,89.99,North America,Credit Card,629.93,2025,4,2025-04,Apr,2025Q2,Wednesday,19
ORD-10378,2025-04-24 00:00:00,CUST-546,Mechanical Gaming Keyboard,Electronics,4,119.0,Asia-Pacific,Bank Transfer,476.0,2025,4,2025-04,Apr,2025Q2,Thursday,0
ORD-10230,2025-04-24 15:00:00,CUST-574,HD Webcam 1080p,Electronics,4,69.99,Middle East,Crypto,279.96,2025,4,2025-04,Apr,2025Q2,Thursday,15
ORD-10096,2025-04-24 18:00:00,CUST-943,Smart Fitness Watch V2,Electronics,2,199.95,Latin America,Unspecified,399.9,2025,4,2025-04,Apr,2025Q2,Thursday,18
ORD-10642,2025-04-25 19:00:00,CUST-982,Stainless Steel Water Bottle,Home & Kitchen,1,25.0,Asia-Pacific,Bank Transfer,25.0,2025,4,2025-04,Apr,2025Q2,Friday,19
ORD-10835,2025-04-26 10:00:00,CUST-959,Smart LED Desk Lamp,Home & Kitchen,2,39.99,Europe,Crypto,79.98,2025,4,2025-04,Apr,2025Q2,Saturday,10
ORD-11074,2025-04-26 11:00:00,CUST-304,HD Webcam 1080p,Electronics,11,69.99,Europe,Bank Transfer,769.89,2025,4,2025-04,Apr,2025Q2,Saturday,11
ORD-10301,2025-04-26 12:00:00,CUST-254,USB-C Multi-Port Hub,Audio & Accessories,2,45.0,North America,Credit Card,90.0,2025,4,2025-04,Apr,2025Q2,Saturday,12
ORD-10177,2025-04-26 18:00:00,CUST-202,Ergonomic Office Chair,Furniture,2,349.99,Latin America,Unspecified,699.98,2025,4,2025-04,Apr,2025Q2,Saturday,18
ORD-10721,2025-04-26 19:00:00,CUST-176,UltraBook Pro 15,Electronics,1,1299.99,Europe,PayPal,1299.99,2025,4,2025-04,Apr,2025Q2,Saturday,19
ORD-10034,2025-04-27 11:00:00,CUST-297,USB-C Multi-Port Hub,Audio & Accessories,8,45.0,Latin America,Bank Transfer,360.0,2025,4,2025-04,Apr,2025Q2,Sunday,11
ORD-11233,2025-04-27 14:00:00,CUST-741,Noise-Isolating Earbuds,Audio & Accessories,1,29.99,Asia-Pacific,PayPal,29.99,2025,4,2025-04,Apr,2025Q2,Sunday,14
ORD-10831,2025-04-28 12:00:00,CUST-189,Noise-Isolating Earbuds,Audio & Accessories,2,29.99,Asia-Pacific,Debit Card,59.98,2025,4,2025-04,Apr,2025Q2,Monday,12
ORD-11428,2025-04-28 17:00:00,CUST-537,Wireless Noise-Canceling Headphones,Audio & Accessories,3,249.5,Asia-Pacific,Bank Transfer,748.5,2025,4,2025-04,Apr,2025Q2,Monday,17
ORD-10977,2025-04-29 00:00:00,CUST-611,Wireless Vertical Mouse,Electronics,1,49.99,Latin America,Bank Transfer,49.99,2025,4,2025-04,Apr,2025Q2,Tuesday,0
ORD-11046,2025-04-29 15:00:00,CUST-676,UltraBook Pro 15,Electronics,1,1299.99,North America,Bank Transfer,1299.99,2025,4,2025-04,Apr,2025Q2,Tuesday,15
ORD-10252,2025-04-30 00:00:00,CUST-820,Espresso Coffee Machine,Home & Kitchen,5,499.0,North America,Credit Card,2495.0,2025,4,2025-04,Apr,2025Q2,Wednesday,0
ORD-11006,2025-04-30 00:00:00,CUST-288,HD Webcam 1080p,Electronics,3,69.99,Middle East,Debit Card,209.97,2025,4,2025-04,Apr,2025Q2,Wednesday,0
ORD-11081,2025-04-30 00:00:00,CUST-619,UltraBook Pro 15,Electronics,1,1299.99,North America,Debit Card,1299.99,2025,4,2025-04,Apr,2025Q2,Wednesday,0
ORD-11254,2025-04-30 11:00:00,CUST-181,Wireless Noise-Canceling Headphones,Audio & Accessories,3,249.5,Latin America,Bank Transfer,748.5,2025,4,2025-04,Apr,2025Q2,Wednesday,11
ORD-10771,2025-04-30 16:00:00,CUST-113,Bluetooth Portable Speaker,Audio & Accessories,5,89.99,Europe,Credit Card,449.95,2025,4,2025-04,Apr,2025Q2,Wednesday,16
ORD-10081,2025-04-30 20:00:00,CUST-425,Ergonomic Office Chair,Furniture,3,349.99,Latin America,Debit Card,1049.97,2025,4,2025-04,Apr,2025Q2,Wednesday,20
ORD-10630,2025-05-01 14:00:00,CUST-209,Standing Desk Converter,Furniture,3,220.0,Europe,PayPal,660.0,2025,5,2025-05,May,2025Q2,Thursday,14
ORD-10023,2025-05-01 14:00:00,CUST-683,Wireless Noise-Canceling Headphones,Audio & Accessories,2,249.5,Europe,Crypto,499.0,2025,5,2025-05,May,2025Q2,Thursday,14
ORD-10723,2025-05-02 00:00:00,CUST-734,Smart Fitness Watch V2,Electronics,4,199.95,Latin America,Credit Card,799.8,2025,5,2025-05,May,2025Q2,Friday,0
ORD-10032,2025-05-02 00:00:00,CUST-UNKNOWN,Mechanical Gaming Keyboard,Electronics,1,119.0,Europe,Debit Card,119.0,2025,5,2025-05,May,2025Q2,Friday,0
ORD-10298,2025-05-02 09:00:00,CUST-685,Stainless Steel Water Bottle,Home & Kitchen,3,25.0,Middle East,Debit Card,75.0,2025,5,2025-05,May,2025Q2,Friday,9
ORD-11231,2025-05-02 18:00:00,CUST-356,USB-C Multi-Port Hub,Audio & Accessories,1,45.0,Asia-Pacific,Debit Card,45.0,2025,5,2025-05,May,2025Q2,Friday,18
ORD-10262,2025-05-03 08:00:00,CUST-544,Stainless Steel Water Bottle,Home & Kitchen,1,25.0,North America,Debit Card,25.0,2025,5,2025-05,May,2025Q2,Saturday,8
ORD-10545,2025-05-03 15:00:00,CUST-911,Ergonomic Office Chair,Furniture,2,349.99,Middle East,Bank Transfer,699.98,2025,5,2025-05,May,2025Q2,Saturday,15
ORD-10985,2025-05-04 00:00:00,CUST-612,Wireless Noise-Canceling Headphones,Audio & Accessories,2,249.5,Asia-Pacific,Debit Card,499.0,2025,5,2025-05,May,2025Q2,Sunday,0
ORD-10087,2025-05-04 00:00:00,CUST-246,Standing Desk Converter,Furniture,3,220.0,Europe,Debit Card,660.0,2025,5,2025-05,May,2025Q2,Sunday,0
ORD-11350,2025-05-04 00:00:00,CUST-687,Mechanical Gaming Keyboard,Electronics,5,119.0,Asia-Pacific,Debit Card,595.0,2025,5,2025-05,May,2025Q2,Sunday,0
ORD-11459,2025-05-04 17:00:00,CUST-795,HD Webcam 1080p,Electronics,3,69.99,Europe,Debit Card,209.97,2025,5,2025-05,May,2025Q2,Sunday,17
ORD-10139,2025-05-04 19:00:00,CUST-539,Stainless Steel Water Bottle,Home & Kitchen,9,25.0,North America,Crypto,225.0,2025,5,2025-05,May,2025Q2,Sunday,19
ORD-10953,2025-05-06 00:00:00,CUST-541,Smart Fitness Watch V2,Electronics,6,199.95,Asia-Pacific,PayPal,1199.7,2025,5,2025-05,May,2025Q2,Tuesday,0
ORD-10270,2025-05-06 10:00:00,CUST-519,Espresso Coffee Machine,Home & Kitchen,4,499.0,North America,Unspecified,1996.0,2025,5,2025-05,May,2025Q2,Tuesday,10
ORD-10000,2025-05-06 11:00:00,CUST-204,Stainless Steel Water Bottle,Home & Kitchen,2,25.0,Middle East,Credit Card,50.0,2025,5,2025-05,May,2025Q2,Tuesday,11
ORD-11045,2025-05-06 14:00:00,CUST-608,Espresso Coffee Machine,Home & Kitchen,3,499.0,Latin America,Bank Transfer,1497.0,2025,5,2025-05,May,2025Q2,Tuesday,14
ORD-11119,2025-05-06 20:00:00,CUST-402,Noise-Isolating Earbuds,Audio & Accessories,1,29.99,Latin America,Bank Transfer,29.99,2025,5,2025-05,May,2025Q2,Tuesday,20
ORD-10052,2025-05-07 00:00:00,CUST-736,Stainless Steel Water Bottle,Home & Kitchen,7,25.0,Europe,PayPal,175.0,2025,5,2025-05,May,2025Q2,Wednesday,0
ORD-10246,2025-05-07 00:00:00,CUST-502,Ergonomic Office Chair,Furniture,2,349.99,Latin America,PayPal,699.98,2025,5,2025-05,May,2025Q2,Wednesday,0
ORD-10845,2025-05-08 00:00:00,CUST-984,Espresso Coffee Machine,Home & Kitchen,2,499.0,Asia-Pacific,PayPal,998.0,2025,5,2025-05,May,2025Q2,Thursday,0
ORD-10162,2025-05-08 00:00:00,CUST-691,Wireless Vertical Mouse,Electronics,3,49.99,Asia-Pacific,PayPal,149.97,2025,5,2025-05,May,2025Q2,Thursday,0
ORD-10033,2025-05-08 12:00:00,CUST-818,Smart LED Desk Lamp,Home & Kitchen,7,39.99,North America,Debit Card,279.93,2025,5,2025-05,May,2025Q2,Thursday,12
ORD-10482,2025-05-09 00:00:00,CUST-828,Noise-Isolating Earbuds,Audio & Accessories,2,29.99,Europe,Credit Card,59.98,2025,5,2025-05,May,2025Q2,Friday,0
ORD-10376,2025-05-09 09:00:00,CUST-694,Bluetooth Portable Speaker,Audio & Accessories,5,89.99,Latin America,Bank Transfer,449.95,2025,5,2025-05,May,2025Q2,Friday,9
ORD-10924,2025-05-09 10:00:00,CUST-966,Standing Desk Converter,Furniture,2,220.0,Asia-Pacific,Debit Card,440.0,2025,5,2025-05,May,2025Q2,Friday,10
ORD-10370,2025-05-09 16:00:00,CUST-941,Wireless Noise-Canceling Headphones,Audio & Accessories,1,249.5,Europe,Bank Transfer,249.5,2025,5,2025-05,May,2025Q2,Friday,16
ORD-11327,2025-05-09 18:00:00,CUST-377,HD Webcam 1080p,Electronics,4,69.99,Asia-Pacific,Crypto,279.96,2025,5,2025-05,May,2025Q2,Friday,18
ORD-11187,2025-05-10 00:00:00,CUST-452,Smart LED Desk Lamp,Home & Kitchen,1,39.99,Asia-Pacific,PayPal,39.99,2025,5,2025-05,May,2025Q2,Saturday,0
ORD-10375,2025-05-10 11:00:00,CUST-787,Mechanical Gaming Keyboard,Electronics,1,119.0,Middle East,Credit Card,119.0,2025,5,2025-05,May,2025Q2,Saturday,11
ORD-11048,2025-05-10 14:00:00,CUST-445,UltraBook Pro 15,Electronics,5,1299.99,Europe,Unspecified,6499.95,2025,5,2025-05,May,2025Q2,Saturday,14
ORD-11380,2025-05-10 14:00:00,CUST-609,UltraBook Pro 15,Electronics,1,1299.99,Latin America,Debit Card,1299.99,2025,5,2025-05,May,2025Q2,Saturday,14
ORD-11411,2025-05-10 19:00:00,CUST-288,HD Webcam 1080p,Electronics,1,69.99,Middle East,Credit Card,69.99,2025,5,2025-05,May,2025Q2,Saturday,19
ORD-10418,2025-05-11 00:00:00,CUST-198,UltraBook Pro 15,Electronics,3,1299.99,Latin America,Bank Transfer,3899.97,2025,5,2025-05,May,2025Q2,Sunday,0
ORD-10634,2025-05-11 12:00:00,CUST-942,Standing Desk Converter,Furniture,1,220.0,Europe,Bank Transfer,220.0,2025,5,2025-05,May,2025Q2,Sunday,12
ORD-11332,2025-05-11 15:00:00,CUST-663,Standing Desk Converter,Furniture,1,220.0,Middle East,Bank Transfer,220.0,2025,5,2025-05,May,2025Q2,Sunday,15
ORD-10823,2025-05-11 18:00:00,CUST-811,Standing Desk Converter,Furniture,2,220.0,Europe,Crypto,440.0,2025,5,2025-05,May,2025Q2,Sunday,18
ORD-11007,2025-05-12 00:00:00,CUST-978,Espresso Coffee Machine,Home & Kitchen,5,499.0,Asia-Pacific,Crypto,2495.0,2025,5,2025-05,May,2025Q2,Monday,0
ORD-10538,2025-05-12 00:00:00,CUST-383,Smart LED Desk Lamp,Home & Kitchen,2,39.99,North America,Debit Card,79.98,2025,5,2025-05,May,2025Q2,Monday,0
ORD-11285,2025-05-12 13:00:00,CUST-366,Ergonomic Office Chair,Furniture,2,349.99,Latin America,Credit Card,699.98,2025,5,2025-05,May,2025Q2,Monday,13
ORD-10336,2025-05-12 18:00:00,CUST-403,Bluetooth Portable Speaker,Audio & Accessories,5,89.99,Asia-Pacific,Debit Card,449.95,2025,5,2025-05,May,2025Q2,Monday,18
ORD-10893,2025-05-13 00:00:00,CUST-881,Espresso Coffee Machine,Home & Kitchen,2,499.0,Latin America,PayPal,998.0,2025,5,2025-05,May,2025Q2,Tuesday,0
ORD-10676,2025-05-13 00:00:00,CUST-887,Bluetooth Portable Speaker,Audio & Accessories,1,89.99,North America,Crypto,89.99,2025,5,2025-05,May,2025Q2,Tuesday,0
ORD-11391,2025-05-13 00:00:00,CUST-787,USB-C Multi-Port Hub,Audio & Accessories,1,45.0,Asia-Pacific,Debit Card,45.0,2025,5,2025-05,May,2025Q2,Tuesday,0
ORD-10322,2025-05-13 00:00:00,CUST-881,4K Ultra HD Smart Monitor 27in,Electronics,3,450.0,Europe,Bank Transfer,1350.0,2025,5,2025-05,May,2025Q2,Tuesday,0
ORD-10320,2025-05-13 14:00:00,CUST-854,USB-C Multi-Port Hub,Audio & Accessories,2,45.0,North America,Crypto,90.0,2025,5,2025-05,May,2025Q2,Tuesday,14
ORD-10464,2025-05-13 16:00:00,CUST-847,Ergonomic Office Chair,Furniture,8,349.99,Europe,Credit Card,2799.92,2025,5,2025-05,May,2025Q2,Tuesday,16
ORD-11196,2025-05-14 00:00:00,CUST-472,Noise-Isolating Earbuds,Audio & Accessories,9,29.99,Asia-Pacific,Debit Card,269.91,2025,5,2025-05,May,2025Q2,Wednesday,0
ORD-10024,2025-05-14 00:00:00,CUST-421,Bluetooth Portable Speaker,Audio & Accessories,2,89.99,Europe,Bank Transfer,179.98,2025,5,2025-05,May,2025Q2,Wednesday,0
ORD-10675,2025-05-14 00:00:00,CUST-278,UltraBook Pro 15,Electronics,10,1299.99,Middle East,Credit Card,12999.9,2025,5,2025-05,May,2025Q2,Wednesday,0
ORD-10746,2025-05-14 00:00:00,CUST-388,Espresso Coffee Machine,Home & Kitchen,2,499.0,Asia-Pacific,Unspecified,998.0,2025,5,2025-05,May,2025Q2,Wednesday,0
ORD-10526,2025-05-14 08:00:00,CUST-692,Espresso Coffee Machine,Home & Kitchen,2,499.0,Europe,Crypto,998.0,2025,5,2025-05,May,2025Q2,Wednesday,8
ORD-10648,2025-05-14 09:00:00,CUST-230,Bluetooth Portable Speaker,Audio & Accessories,4,89.99,Latin America,Bank Transfer,359.96,2025,5,2025-05,May,2025Q2,Wednesday,9
ORD-11375,2025-05-14 10:00:00,CUST-816,4K Ultra HD Smart Monitor 27in,Electronics,5,450.0,Middle East,Credit Card,2250.0,2025,5,2025-05,May,2025Q2,Wednesday,10
ORD-10397,2025-05-14 16:00:00,CUST-474,Stainless Steel Water Bottle,Home & Kitchen,2,25.0,Middle East,Bank Transfer,50.0,2025,5,2025-05,May,2025Q2,Wednesday,16
ORD-11036,2025-05-14 18:00:00,CUST-500,Bluetooth Portable Speaker,Audio & Accessories,1,89.99,Latin America,Debit Card,89.99,2025,5,2025-05,May,2025Q2,Wednesday,18
ORD-10011,2025-05-15 00:00:00,CUST-619,UltraBook Pro 15,Electronics,9,1299.99,North America,Bank Transfer,11699.91,2025,5,2025-05,May,2025Q2,Thursday,0
ORD-11492,2025-05-15 08:00:00,CUST-636,Noise-Isolating Earbuds,Audio & Accessories,1,29.99,Middle East,Bank Transfer,29.99,2025,5,2025-05,May,2025Q2,Thursday,8
ORD-10385,2025-05-15 17:00:00,CUST-278,Wireless Vertical Mouse,Electronics,4,49.99,Latin America,Debit Card,199.96,2025,5,2025-05,May,2025Q2,Thursday,17
ORD-10986,2025-05-15 18:00:00,CUST-446,Noise-Isolating Earbuds,Audio & Accessories,3,29.99,Latin America,Bank Transfer,89.97,2025,5,2025-05,May,2025Q2,Thursday,18
ORD-10008,2025-05-15 19:00:00,CUST-697,Espresso Coffee Machine,Home & Kitchen,3,499.0,Latin America,Bank Transfer,1497.0,2025,5,2025-05,May,2025Q2,Thursday,19
ORD-10649,2025-05-16 16:00:00,CUST-268,HD Webcam 1080p,Electronics,2,69.99,Asia-Pacific,Debit Card,139.98,2025,5,2025-05,May,2025Q2,Friday,16
ORD-11295,2025-05-17 00:00:00,CUST-992,Espresso Coffee Machine,Home & Kitchen,1,499.0,Europe,PayPal,499.0,2025,5,2025-05,May,2025Q2,Saturday,0
ORD-10995,2025-05-17 00:00:00,CUST-615,Stainless Steel Water Bottle,Home & Kitchen,1,25.0,North America,Credit Card,25.0,2025,5,2025-05,May,2025Q2,Saturday,0
ORD-10184,2025-05-17 13:00:00,CUST-840,Standing Desk Converter,Furniture,1,220.0,Middle East,Credit Card,220.0,2025,5,2025-05,May,2025Q2,Saturday,13
ORD-10923,2025-05-18 12:00:00,CUST-194,Espresso Coffee Machine,Home & Kitchen,4,499.0,Asia-Pacific,Crypto,1996.0,2025,5,2025-05,May,2025Q2,Sunday,12
ORD-10338,2025-05-18 19:00:00,CUST-934,USB-C Multi-Port Hub,Audio & Accessories,2,45.0,Asia-Pacific,PayPal,90.0,2025,5,2025-05,May,2025Q2,Sunday,19
ORD-10533,2025-05-19 00:00:00,CUST-361,Wireless Vertical Mouse,Electronics,2,49.99,Middle East,Debit Card,99.98,2025,5,2025-05,May,2025Q2,Monday,0
ORD-11042,2025-05-19 09:00:00,CUST-UNKNOWN,Mechanical Gaming Keyboard,Electronics,1,119.0,Latin America,Credit Card,119.0,2025,5,2025-05,May,2025Q2,Monday,9
ORD-11393,2025-05-19 10:00:00,CUST-562,Ergonomic Office Chair,Furniture,2,349.99,Asia-Pacific,Credit Card,699.98,2025,5,2025-05,May,2025Q2,Monday,10
ORD-10333,2025-05-19 17:00:00,CUST-240,Wireless Noise-Canceling Headphones,Audio & Accessories,1,249.5,Latin America,Credit Card,249.5,2025,5,2025-05,May,2025Q2,Monday,17
ORD-11337,2025-05-19 20:00:00,CUST-197,Mechanical Gaming Keyboard,Electronics,3,119.0,Europe,Debit Card,357.0,2025,5,2025-05,May,2025Q2,Monday,20
ORD-10078,2025-05-20 00:00:00,CUST-583,4K Ultra HD Smart Monitor 27in,Electronics,2,450.0,Europe,Debit Card,900.0,2025,5,2025-05,May,2025Q2,Tuesday,0
ORD-10274,2025-05-20 11:00:00,CUST-307,Smart Fitness Watch V2,Electronics,2,199.95,Europe,Crypto,399.9,2025,5,2025-05,May,2025Q2,Tuesday,11
ORD-10251,2025-05-21 00:00:00,CUST-356,Wireless Vertical Mouse,Electronics,2,49.99,North America,Bank Transfer,99.98,2025,5,2025-05,May,2025Q2,Wednesday,0
ORD-10718,2025-05-21 00:00:00,CUST-123,Ergonomic Office Chair,Furniture,1,349.99,Middle East,Crypto,349.99,2025,5,2025-05,May,2025Q2,Wednesday,0
ORD-11002,2025-05-21 00:00:00,CUST-889,Noise-Isolating Earbuds,Audio & Accessories,5,29.99,Middle East,Bank Transfer,149.95,2025,5,2025-05,May,2025Q2,Wednesday,0
ORD-10209,2025-05-21 00:00:00,CUST-117,UltraBook Pro 15,Electronics,1,1299.99,Middle East,Debit Card,1299.99,2025,5,2025-05,May,2025Q2,Wednesday,0
ORD-10933,2025-05-21 00:00:00,CUST-509,Standing Desk Converter,Furniture,2,220.0,North America,Crypto,440.0,2025,5,2025-05,May,2025Q2,Wednesday,0
ORD-11096,2025-05-21 00:00:00,CUST-805,Espresso Coffee Machine,Home & Kitchen,1,499.0,Middle East,PayPal,499.0,2025,5,2025-05,May,2025Q2,Wednesday,0
ORD-11290,2025-05-21 08:00:00,CUST-490,UltraBook Pro 15,Electronics,2,1299.99,Middle East,PayPal,2599.98,2025,5,2025-05,May,2025Q2,Wednesday,8
ORD-10826,2025-05-21 08:00:00,CUST-327,4K Ultra HD Smart Monitor 27in,Electronics,1,450.0,Latin America,Credit Card,450.0,2025,5,2025-05,May,2025Q2,Wednesday,8
ORD-11311,2025-05-21 19:00:00,CUST-920,Bluetooth Portable Speaker,Audio & Accessories,6,89.99,Middle East,Credit Card,539.94,2025,5,2025-05,May,2025Q2,Wednesday,19
ORD-11404,2025-05-22 00:00:00,CUST-663,Wireless Noise-Canceling Headphones,Audio & Accessories,3,249.5,Middle East,Credit Card,748.5,2025,5,2025-05,May,2025Q2,Thursday,0
ORD-10851,2025-05-22 11:00:00,CUST-189,Smart Fitness Watch V2,Electronics,4,199.95,North America,PayPal,799.8,2025,5,2025-05,May,2025Q2,Thursday,11
ORD-10955,2025-05-22 12:00:00,CUST-693,Standing Desk Converter,Furniture,2,220.0,Middle East,Bank Transfer,440.0,2025,5,2025-05,May,2025Q2,Thursday,12
ORD-11141,2025-05-22 16:00:00,CUST-391,UltraBook Pro 15,Electronics,1,1299.99,North America,Debit Card,1299.99,2025,5,2025-05,May,2025Q2,Thursday,16
ORD-11070,2025-05-22 17:00:00,CUST-617,Mechanical Gaming Keyboard,Electronics,1,119.0,Latin America,PayPal,119.0,2025,5,2025-05,May,2025Q2,Thursday,17
ORD-11334,2025-05-23 09:00:00,CUST-374,UltraBook Pro 15,Electronics,9,1299.99,Europe,Credit Card,11699.91,2025,5,2025-05,May,2025Q2,Friday,9
ORD-10858,2025-05-23 10:00:00,CUST-909,UltraBook Pro 15,Electronics,2,1299.99,North America,PayPal,2599.98,2025,5,2025-05,May,2025Q2,Friday,10
ORD-10362,2025-05-23 16:00:00,CUST-UNKNOWN,Bluetooth Portable Speaker,Audio & Accessories,2,89.99,Middle East,Unspecified,179.98,2025,5,2025-05,May,2025Q2,Friday,16
ORD-11394,2025-05-23 20:00:00,CUST-907,USB-C Multi-Port Hub,Audio & Accessories,1,45.0,North America,Bank Transfer,45.0,2025,5,2025-05,May,2025Q2,Friday,20
ORD-10601,2025-05-25 00:00:00,CUST-650,Ergonomic Office Chair,Furniture,1,349.99,North America,Credit Card,349.99,2025,5,2025-05,May,2025Q2,Sunday,0
ORD-10639,2025-05-25 11:00:00,CUST-476,HD Webcam 1080p,Electronics,2,69.99,Europe,Debit Card,139.98,2025,5,2025-05,May,2025Q2,Sunday,11
ORD-10404,2025-05-26 00:00:00,CUST-696,Espresso Coffee Machine,Home & Kitchen,1,499.0,Asia-Pacific,Bank Transfer,499.0,2025,5,2025-05,May,2025Q2,Monday,0
ORD-10652,2025-05-26 00:00:00,CUST-867,Wireless Noise-Canceling Headphones,Audio & Accessories,3,249.5,Middle East,Bank Transfer,748.5,2025,5,2025-05,May,2025Q2,Monday,0
ORD-10614,2025-05-26 13:00:00,CUST-704,Stainless Steel Water Bottle,Home & Kitchen,5,25.0,North America,Unspecified,125.0,2025,5,2025-05,May,2025Q2,Monday,13
ORD-11056,2025-05-26 14:00:00,CUST-413,Noise-Isolating Earbuds,Audio & Accessories,4,29.99,Asia-Pacific,Crypto,119.96,2025,5,2025-05,May,2025Q2,Monday,14
ORD-10123,2025-05-27 09:00:00,CUST-975,UltraBook Pro 15,Electronics,1,1299.99,North America,Crypto,1299.99,2025,5,2025-05,May,2025Q2,Tuesday,9
ORD-10980,2025-05-27 11:00:00,CUST-265,USB-C Multi-Port Hub,Audio & Accessories,1,45.0,Latin America,Crypto,45.0,2025,5,2025-05,May,2025Q2,Tuesday,11
ORD-10164,2025-05-27 16:00:00,CUST-210,Stainless Steel Water Bottle,Home & Kitchen,1,25.0,Latin America,PayPal,25.0,2025,5,2025-05,May,2025Q2,Tuesday,16
ORD-10956,2025-05-28 00:00:00,CUST-610,Smart LED Desk Lamp,Home & Kitchen,2,39.99,Europe,Debit Card,79.98,2025,5,2025-05,May,2025Q2,Wednesday,0
ORD-10957,2025-05-28 00:00:00,CUST-115,Mechanical Gaming Keyboard,Electronics,1,119.0,Latin America,Credit Card,119.0,2025,5,2025-05,May,2025Q2,Wednesday,0
ORD-10757,2025-05-28 00:00:00,CUST-567,UltraBook Pro 15,Electronics,2,1299.99,Asia-Pacific,Bank Transfer,2599.98,2025,5,2025-05,May,2025Q2,Wednesday,0
ORD-11228,2025-05-28 16:00:00,CUST-660,Ergonomic Office Chair,Furniture,10,349.99,Asia-Pacific,Unspecified,3499.9,2025,5,2025-05,May,2025Q2,Wednesday,16
ORD-10580,2025-05-29 00:00:00,CUST-687,Espresso Coffee Machine,Home & Kitchen,2,499.0,Europe,Crypto,998.0,2025,5,2025-05,May,2025Q2,Thursday,0
ORD-10431,2025-05-29 09:00:00,CUST-732,Wireless Noise-Canceling Headphones,Audio & Accessories,4,249.5,Latin America,Bank Transfer,998.0,2025,5,2025-05,May,2025Q2,Thursday,9
ORD-11298,2025-05-30 00:00:00,CUST-869,USB-C Multi-Port Hub,Audio & Accessories,3,45.0,Latin America,Crypto,135.0,2025,5,2025-05,May,2025Q2,Friday,0
ORD-11227,2025-05-30 16:00:00,CUST-288,Standing Desk Converter,Furniture,1,220.0,Europe,Bank Transfer,220.0,2025,5,2025-05,May,2025Q2,Friday,16
ORD-11330,2025-05-30 18:00:00,CUST-712,Wireless Noise-Canceling Headphones,Audio & Accessories,2,249.5,Asia-Pacific,PayPal,499.0,2025,5,2025-05,May,2025Q2,Friday,18
ORD-11143,2025-05-30 19:00:00,CUST-890,Bluetooth Portable Speaker,Audio & Accessories,2,89.99,North America,Bank Transfer,179.98,2025,5,2025-05,May,2025Q2,Friday,19
ORD-11121,2025-05-31 00:00:00,CUST-811,Espresso Coffee Machine,Home & Kitchen,8,499.0,Europe,PayPal,3992.0,2025,5,2025-05,May,2025Q2,Saturday,0
ORD-10673,2025-05-31 00:00:00,CUST-526,Stainless Steel Water Bottle,Home & Kitchen,2,25.0,Asia-Pacific,Debit Card,50.0,2025,5,2025-05,May,2025Q2,Saturday,0
ORD-10291,2025-05-31 10:00:00,CUST-101,4K Ultra HD Smart Monitor 27in,Electronics,1,450.0,Middle East,Debit Card,450.0,2025,5,2025-05,May,2025Q2,Saturday,10
ORD-11193,2025-05-31 17:00:00,CUST-184,Espresso Coffee Machine,Home & Kitchen,3,499.0,Asia-Pacific,PayPal,1497.0,2025,5,2025-05,May,2025Q2,Saturday,17
ORD-11476,2025-06-01 16:00:00,CUST-877,Wireless Vertical Mouse,Electronics,4,49.99,Middle East,Debit Card,199.96,2025,6,2025-06,Jun,2025Q2,Sunday,16
ORD-11257,2025-06-01 17:00:00,CUST-755,Stainless Steel Water Bottle,Home & Kitchen,2,25.0,Asia-Pacific,PayPal,50.0,2025,6,2025-06,Jun,2025Q2,Sunday,17
ORD-10318,2025-06-02 18:00:00,CUST-165,HD Webcam 1080p,Electronics,1,69.99,Asia-Pacific,Bank Transfer,69.99,2025,6,2025-06,Jun,2025Q2,Monday,18
ORD-11082,2025-06-03 00:00:00,CUST-636,Mechanical Gaming Keyboard,Electronics,2,119.0,Europe,Crypto,238.0,2025,6,2025-06,Jun,2025Q2,Tuesday,0
ORD-10152,2025-06-03 00:00:00,CUST-817,Espresso Coffee Machine,Home & Kitchen,1,499.0,Europe,Bank Transfer,499.0,2025,6,2025-06,Jun,2025Q2,Tuesday,0
ORD-11236,2025-06-03 00:00:00,CUST-522,Bluetooth Portable Speaker,Audio & Accessories,5,89.99,North America,PayPal,449.95,2025,6,2025-06,Jun,2025Q2,Tuesday,0
ORD-11354,2025-06-03 13:00:00,CUST-598,Standing Desk Converter,Furniture,2,220.0,Europe,Credit Card,440.0,2025,6,2025-06,Jun,2025Q2,Tuesday,13
ORD-10880,2025-06-03 15:00:00,CUST-445,Espresso Coffee Machine,Home & Kitchen,1,499.0,Latin America,Unspecified,499.0,2025,6,2025-06,Jun,2025Q2,Tuesday,15
ORD-10038,2025-06-03 16:00:00,CUST-518,Stainless Steel Water Bottle,Home & Kitchen,3,25.0,Asia-Pacific,Debit Card,75.0,2025,6,2025-06,Jun,2025Q2,Tuesday,16
ORD-10310,2025-06-03 19:00:00,CUST-945,Wireless Vertical Mouse,Electronics,2,49.99,Asia-Pacific,Bank Transfer,99.98,2025,6,2025-06,Jun,2025Q2,Tuesday,19
ORD-10593,2025-06-04 00:00:00,CUST-804,Wireless Vertical Mouse,Electronics,1,49.99,Asia-Pacific,Credit Card,49.99,2025,6,2025-06,Jun,2025Q2,Wednesday,0
ORD-11041,2025-06-04 08:00:00,CUST-890,UltraBook Pro 15,Electronics,4,1299.99,Europe,Credit Card,5199.96,2025,6,2025-06,Jun,2025Q2,Wednesday,8
ORD-10138,2025-06-04 09:00:00,CUST-529,Standing Desk Converter,Furniture,2,220.0,Middle East,Debit Card,440.0,2025,6,2025-06,Jun,2025Q2,Wednesday,9
ORD-10666,2025-06-04 09:00:00,CUST-114,Espresso Coffee Machine,Home & Kitchen,1,499.0,Europe,Unspecified,499.0,2025,6,2025-06,Jun,2025Q2,Wednesday,9
ORD-10104,2025-06-04 15:00:00,CUST-131,Wireless Vertical Mouse,Electronics,6,49.99,North America,Debit Card,299.94,2025,6,2025-06,Jun,2025Q2,Wednesday,15
ORD-10372,2025-06-04 17:00:00,CUST-883,4K Ultra HD Smart Monitor 27in,Electronics,1,450.0,Latin America,Debit Card,450.0,2025,6,2025-06,Jun,2025Q2,Wednesday,17
ORD-10989,2025-06-05 00:00:00,CUST-UNKNOWN,Smart Fitness Watch V2,Electronics,4,199.95,North America,Credit Card,799.8,2025,6,2025-06,Jun,2025Q2,Thursday,0
ORD-10516,2025-06-05 00:00:00,CUST-UNKNOWN,Smart LED Desk Lamp,Home & Kitchen,2,39.99,North America,Crypto,79.98,2025,6,2025-06,Jun,2025Q2,Thursday,0
ORD-10810,2025-06-05 00:00:00,CUST-691,Smart LED Desk Lamp,Home & Kitchen,10,39.99,Europe,Debit Card,399.9,2025,6,2025-06,Jun,2025Q2,Thursday,0
ORD-10936,2025-06-05 09:00:00,CUST-804,Smart LED Desk Lamp,Home & Kitchen,1,39.99,Middle East,Debit Card,39.99,2025,6,2025-06,Jun,2025Q2,Thursday,9
ORD-10752,2025-06-05 09:00:00,CUST-UNKNOWN,USB-C Multi-Port Hub,Audio & Accessories,3,45.0,Middle East,PayPal,135.0,2025,6,2025-06,Jun,2025Q2,Thursday,9
ORD-11122,2025-06-05 10:00:00,CUST-365,Wireless Vertical Mouse,Electronics,5,49.99,Asia-Pacific,Crypto,249.95,2025,6,2025-06,Jun,2025Q2,Thursday,10
ORD-10612,2025-06-05 19:00:00,CUST-541,Mechanical Gaming Keyboard,Electronics,3,119.0,Europe,Bank Transfer,357.0,2025,6,2025-06,Jun,2025Q2,Thursday,19
ORD-11207,2025-06-06 00:00:00,CUST-681,Bluetooth Portable Speaker,Audio & Accessories,2,89.99,Middle East,Bank Transfer,179.98,2025,6,2025-06,Jun,2025Q2,Friday,0
ORD-11328,2025-06-06 00:00:00,CUST-630,HD Webcam 1080p,Electronics,3,69.99,Latin America,Bank Transfer,209.97,2025,6,2025-06,Jun,2025Q2,Friday,0
ORD-10736,2025-06-06 15:00:00,CUST-928,Smart Fitness Watch V2,Electronics,2,199.95,Asia-Pacific,PayPal,399.9,2025,6,2025-06,Jun,2025Q2,Friday,15
ORD-10067,2025-06-06 17:00:00,CUST-724,HD Webcam 1080p,Electronics,4,69.99,North America,PayPal,279.96,2025,6,2025-06,Jun,2025Q2,Friday,17
ORD-10169,2025-06-07 00:00:00,CUST-993,Stainless Steel Water Bottle,Home & Kitchen,3,25.0,North America,Crypto,75.0,2025,6,2025-06,Jun,2025Q2,Saturday,0
ORD-10632,2025-06-07 08:00:00,CUST-720,Espresso Coffee Machine,Home & Kitchen,2,499.0,North America,Credit Card,998.0,2025,6,2025-06,Jun,2025Q2,Saturday,8
ORD-10115,2025-06-07 08:00:00,CUST-713,USB-C Multi-Port Hub,Audio & Accessories,5,45.0,North America,Credit Card,225.0,2025,6,2025-06,Jun,2025Q2,Saturday,8
ORD-10271,2025-06-07 09:00:00,CUST-343,Smart Fitness Watch V2,Electronics,4,199.95,Latin America,Debit Card,799.8,2025,6,2025-06,Jun,2025Q2,Saturday,9
ORD-10041,2025-06-08 00:00:00,CUST-250,Smart LED Desk Lamp,Home & Kitchen,2,39.99,North America,Credit Card,79.98,2025,6,2025-06,Jun,2025Q2,Sunday,0
ORD-11392,2025-06-08 00:00:00,CUST-754,Smart LED Desk Lamp,Home & Kitchen,1,39.99,North America,Unspecified,39.99,2025,6,2025-06,Jun,2025Q2,Sunday,0
ORD-11201,2025-06-08 00:00:00,CUST-411,Ergonomic Office Chair,Furniture,1,349.99,Asia-Pacific,PayPal,349.99,2025,6,2025-06,Jun,2025Q2,Sunday,0
ORD-10261,2025-06-08 09:00:00,CUST-308,Mechanical Gaming Keyboard,Electronics,11,119.0,Europe,Crypto,1309.0,2025,6,2025-06,Jun,2025Q2,Sunday,9
ORD-10128,2025-06-08 16:00:00,CUST-910,Espresso Coffee Machine,Home & Kitchen,1,499.0,Asia-Pacific,PayPal,499.0,2025,6,2025-06,Jun,2025Q2,Sunday,16
ORD-11377,2025-06-08 18:00:00,CUST-346,Ergonomic Office Chair,Furniture,2,349.99,Latin America,PayPal,699.98,2025,6,2025-06,Jun,2025Q2,Sunday,18
ORD-11419,2025-06-08 19:00:00,CUST-164,Stainless Steel Water Bottle,Home & Kitchen,7,25.0,Middle East,Credit Card,175.0,2025,6,2025-06,Jun,2025Q2,Sunday,19
ORD-10604,2025-06-09 00:00:00,CUST-554,USB-C Multi-Port Hub,Audio & Accessories,1,45.0,Europe,Crypto,45.0,2025,6,2025-06,Jun,2025Q2,Monday,0
ORD-10337,2025-06-10 00:00:00,CUST-197,Smart Fitness Watch V2,Electronics,3,199.95,North America,Credit Card,599.85,2025,6,2025-06,Jun,2025Q2,Tuesday,0
ORD-11010,2025-06-10 00:00:00,CUST-859,UltraBook Pro 15,Electronics,1,1299.99,Middle East,Crypto,1299.99,2025,6,2025-06,Jun,2025Q2,Tuesday,0
ORD-11442,2025-06-10 00:00:00,CUST-913,Mechanical Gaming Keyboard,Electronics,3,119.0,Middle East,Bank Transfer,357.0,2025,6,2025-06,Jun,2025Q2,Tuesday,0
ORD-10036,2025-06-10 14:00:00,CUST-623,Smart Fitness Watch V2,Electronics,1,199.95,North America,Debit Card,199.95,2025,6,2025-06,Jun,2025Q2,Tuesday,14
ORD-10532,2025-06-11 00:00:00,CUST-142,USB-C Multi-Port Hub,Audio & Accessories,14,45.0,North America,Crypto,630.0,2025,6,2025-06,Jun,2025Q2,Wednesday,0
ORD-10793,2025-06-11 00:00:00,CUST-781,Noise-Isolating Earbuds,Audio & Accessories,3,29.99,Latin America,Debit Card,89.97,2025,6,2025-06,Jun,2025Q2,Wednesday,0
ORD-10805,2025-06-11 00:00:00,CUST-403,Bluetooth Portable Speaker,Audio & Accessories,4,89.99,Europe,Debit Card,359.96,2025,6,2025-06,Jun,2025Q2,Wednesday,0
ORD-10499,2025-06-11 19:00:00,CUST-523,Smart LED Desk Lamp,Home & Kitchen,10,39.99,North America,Debit Card,399.9,2025,6,2025-06,Jun,2025Q2,Wednesday,19
ORD-10084,2025-06-12 00:00:00,CUST-UNKNOWN,Wireless Vertical Mouse,Electronics,1,49.99,Latin America,Crypto,49.99,2025,6,2025-06,Jun,2025Q2,Thursday,0
ORD-11226,2025-06-12 08:00:00,CUST-256,Ergonomic Office Chair,Furniture,2,349.99,Asia-Pacific,Bank Transfer,699.98,2025,6,2025-06,Jun,2025Q2,Thursday,8
ORD-10903,2025-06-12 08:00:00,CUST-569,Wireless Vertical Mouse,Electronics,3,49.99,Europe,Debit Card,149.97,2025,6,2025-06,Jun,2025Q2,Thursday,8
ORD-10472,2025-06-12 09:00:00,CUST-836,HD Webcam 1080p,Electronics,1,69.99,North America,PayPal,69.99,2025,6,2025-06,Jun,2025Q2,Thursday,9
ORD-11155,2025-06-12 14:00:00,CUST-192,Smart Fitness Watch V2,Electronics,4,199.95,Middle East,Unspecified,799.8,2025,6,2025-06,Jun,2025Q2,Thursday,14
ORD-10377,2025-06-12 15:00:00,CUST-731,Wireless Noise-Canceling Headphones,Audio & Accessories,1,249.5,Asia-Pacific,Crypto,249.5,2025,6,2025-06,Jun,2025Q2,Thursday,15
ORD-10224,2025-06-13 00:00:00,CUST-748,Mechanical Gaming Keyboard,Electronics,1,119.0,Latin America,Crypto,119.0,2025,6,2025-06,Jun,2025Q2,Friday,0
ORD-10232,2025-06-13 09:00:00,CUST-929,Espresso Coffee Machine,Home & Kitchen,2,499.0,North America,Credit Card,998.0,2025,6,2025-06,Jun,2025Q2,Friday,9
ORD-10704,2025-06-13 10:00:00,CUST-431,Espresso Coffee Machine,Home & Kitchen,1,499.0,Asia-Pacific,Debit Card,499.0,2025,6,2025-06,Jun,2025Q2,Friday,10
ORD-10046,2025-06-13 16:00:00,CUST-254,Ergonomic Office Chair,Furniture,1,349.99,Europe,Debit Card,349.99,2025,6,2025-06,Jun,2025Q2,Friday,16
ORD-10938,2025-06-14 00:00:00,CUST-331,USB-C Multi-Port Hub,Audio & Accessories,1,45.0,North America,Bank Transfer,45.0,2025,6,2025-06,Jun,2025Q2,Saturday,0
ORD-11446,2025-06-14 00:00:00,CUST-474,Bluetooth Portable Speaker,Audio & Accessories,3,89.99,Asia-Pacific,PayPal,269.97,2025,6,2025-06,Jun,2025Q2,Saturday,0
ORD-11229,2025-06-14 13:00:00,CUST-206,Espresso Coffee Machine,Home & Kitchen,2,499.0,Europe,Credit Card,998.0,2025,6,2025-06,Jun,2025Q2,Saturday,13
ORD-11021,2025-06-14 15:00:00,CUST-839,Stainless Steel Water Bottle,Home & Kitchen,1,25.0,Middle East,Bank Transfer,25.0,2025,6,2025-06,Jun,2025Q2,Saturday,15
ORD-11197,2025-06-14 19:00:00,CUST-651,Smart Fitness Watch V2,Electronics,9,199.95,Middle East,PayPal,1799.55,2025,6,2025-06,Jun,2025Q2,Saturday,19
ORD-11269,2025-06-14 20:00:00,CUST-334,Ergonomic Office Chair,Furniture,1,349.99,Middle East,Crypto,349.99,2025,6,2025-06,Jun,2025Q2,Saturday,20
ORD-11282,2025-06-15 00:00:00,CUST-786,Mechanical Gaming Keyboard,Electronics,2,119.0,Latin America,Credit Card,238.0,2025,6,2025-06,Jun,2025Q2,Sunday,0
ORD-11113,2025-06-15 10:00:00,CUST-131,Espresso Coffee Machine,Home & Kitchen,2,499.0,Europe,Crypto,998.0,2025,6,2025-06,Jun,2025Q2,Sunday,10
ORD-10156,2025-06-15 19:00:00,CUST-631,4K Ultra HD Smart Monitor 27in,Electronics,3,450.0,Asia-Pacific,Credit Card,1350.0,2025,6,2025-06,Jun,2025Q2,Sunday,19
ORD-10113,2025-06-16 00:00:00,CUST-710,Smart Fitness Watch V2,Electronics,4,199.95,North America,Credit Card,799.8,2025,6,2025-06,Jun,2025Q2,Monday,0
ORD-10220,2025-06-16 14:00:00,CUST-523,HD Webcam 1080p,Electronics,3,69.99,Latin America,Credit Card,209.97,2025,6,2025-06,Jun,2025Q2,Monday,14
ORD-11139,2025-06-16 16:00:00,CUST-304,Standing Desk Converter,Furniture,3,220.0,Europe,Crypto,660.0,2025,6,2025-06,Jun,2025Q2,Monday,16
ORD-10750,2025-06-16 17:00:00,CUST-904,Espresso Coffee Machine,Home & Kitchen,1,499.0,North America,PayPal,499.0,2025,6,2025-06,Jun,2025Q2,Monday,17
ORD-10455,2025-06-16 20:00:00,CUST-599,Ergonomic Office Chair,Furniture,2,349.99,Middle East,Credit Card,699.98,2025,6,2025-06,Jun,2025Q2,Monday,20
ORD-10800,2025-06-17 00:00:00,CUST-325,Espresso Coffee Machine,Home & Kitchen,3,499.0,Asia-Pacific,Debit Card,1497.0,2025,6,2025-06,Jun,2025Q2,Tuesday,0
ORD-10276,2025-06-17 10:00:00,CUST-354,UltraBook Pro 15,Electronics,4,1299.99,Asia-Pacific,Debit Card,5199.96,2025,6,2025-06,Jun,2025Q2,Tuesday,10
ORD-11060,2025-06-17 12:00:00,CUST-220,Standing Desk Converter,Furniture,5,220.0,Europe,Crypto,1100.0,2025,6,2025-06,Jun,2025Q2,Tuesday,12
ORD-11268,2025-06-17 19:00:00,CUST-992,Ergonomic Office Chair,Furniture,3,349.99,Asia-Pacific,Debit Card,1049.97,2025,6,2025-06,Jun,2025Q2,Tuesday,19
ORD-11182,2025-06-18 00:00:00,CUST-UNKNOWN,4K Ultra HD Smart Monitor 27in,Electronics,3,450.0,Asia-Pacific,Credit Card,1350.0,2025,6,2025-06,Jun,2025Q2,Wednesday,0
ORD-10223,2025-06-18 15:00:00,CUST-935,Wireless Vertical Mouse,Electronics,2,49.99,Middle East,PayPal,99.98,2025,6,2025-06,Jun,2025Q2,Wednesday,15
ORD-10101,2025-06-18 20:00:00,CUST-710,Wireless Vertical Mouse,Electronics,3,49.99,North America,Bank Transfer,149.97,2025,6,2025-06,Jun,2025Q2,Wednesday,20
ORD-11365,2025-06-19 00:00:00,CUST-639,HD Webcam 1080p,Electronics,1,69.99,Europe,Crypto,69.99,2025,6,2025-06,Jun,2025Q2,Thursday,0
ORD-10323,2025-06-19 13:00:00,CUST-401,Standing Desk Converter,Furniture,1,220.0,Latin America,Credit Card,220.0,2025,6,2025-06,Jun,2025Q2,Thursday,13
ORD-10745,2025-06-20 00:00:00,CUST-356,UltraBook Pro 15,Electronics,6,1299.99,Asia-Pacific,Bank Transfer,7799.94,2025,6,2025-06,Jun,2025Q2,Friday,0
ORD-10669,2025-06-20 08:00:00,CUST-967,Wireless Vertical Mouse,Electronics,1,49.99,Latin America,Debit Card,49.99,2025,6,2025-06,Jun,2025Q2,Friday,8
ORD-11189,2025-06-20 13:00:00,CUST-857,USB-C Multi-Port Hub,Audio & Accessories,3,45.0,Europe,Bank Transfer,135.0,2025,6,2025-06,Jun,2025Q2,Friday,13
ORD-10456,2025-06-21 00:00:00,CUST-544,Wireless Noise-Canceling Headphones,Audio & Accessories,1,249.5,Latin America,Credit Card,249.5,2025,6,2025-06,Jun,2025Q2,Saturday,0
ORD-11382,2025-06-21 10:00:00,CUST-243,USB-C Multi-Port Hub,Audio & Accessories,9,45.0,Europe,Crypto,405.0,2025,6,2025-06,Jun,2025Q2,Saturday,10
ORD-11466,2025-06-21 13:00:00,CUST-194,Mechanical Gaming Keyboard,Electronics,9,119.0,Asia-Pacific,Credit Card,1071.0,2025,6,2025-06,Jun,2025Q2,Saturday,13
ORD-11302,2025-06-21 15:00:00,CUST-849,Ergonomic Office Chair,Furniture,1,349.99,Asia-Pacific,Crypto,349.99,2025,6,2025-06,Jun,2025Q2,Saturday,15
ORD-11423,2025-06-22 13:00:00,CUST-346,Ergonomic Office Chair,Furniture,1,349.99,Middle East,Bank Transfer,349.99,2025,6,2025-06,Jun,2025Q2,Sunday,13
ORD-10618,2025-06-22 15:00:00,CUST-883,Espresso Coffee Machine,Home & Kitchen,4,499.0,Asia-Pacific,PayPal,1996.0,2025,6,2025-06,Jun,2025Q2,Sunday,15
ORD-10249,2025-06-22 16:00:00,CUST-679,Smart Fitness Watch V2,Electronics,5,199.95,Latin America,Bank Transfer,999.75,2025,6,2025-06,Jun,2025Q2,Sunday,16
ORD-10018,2025-06-23 00:00:00,CUST-354,Stainless Steel Water Bottle,Home & Kitchen,2,25.0,Europe,PayPal,50.0,2025,6,2025-06,Jun,2025Q2,Monday,0
ORD-10015,2025-06-23 08:00:00,CUST-UNKNOWN,USB-C Multi-Port Hub,Audio & Accessories,1,45.0,Middle East,PayPal,45.0,2025,6,2025-06,Jun,2025Q2,Monday,8
ORD-10119,2025-06-23 11:00:00,CUST-272,Standing Desk Converter,Furniture,2,220.0,North America,Crypto,440.0,2025,6,2025-06,Jun,2025Q2,Monday,11
ORD-10347,2025-06-24 00:00:00,CUST-936,Stainless Steel Water Bottle,Home & Kitchen,1,25.0,Europe,Debit Card,25.0,2025,6,2025-06,Jun,2025Q2,Tuesday,0
ORD-11179,2025-06-24 00:00:00,CUST-141,Smart LED Desk Lamp,Home & Kitchen,2,39.99,Latin America,Bank Transfer,79.98,2025,6,2025-06,Jun,2025Q2,Tuesday,0
ORD-11413,2025-06-24 11:00:00,CUST-250,UltraBook Pro 15,Electronics,1,1299.99,North America,Bank Transfer,1299.99,2025,6,2025-06,Jun,2025Q2,Tuesday,11
ORD-11071,2025-06-24 15:00:00,CUST-813,Bluetooth Portable Speaker,Audio & Accessories,1,89.99,North America,Crypto,89.99,2025,6,2025-06,Jun,2025Q2,Tuesday,15
ORD-10575,2025-06-25 18:00:00,CUST-434,Smart Fitness Watch V2,Electronics,7,199.95,Latin America,Crypto,1399.65,2025,6,2025-06,Jun,2025Q2,Wednesday,18
ORD-10314,2025-06-26 00:00:00,CUST-UNKNOWN,HD Webcam 1080p,Electronics,5,69.99,North America,Bank Transfer,349.95,2025,6,2025-06,Jun,2025Q2,Thursday,0
ORD-11208,2025-06-26 00:00:00,CUST-258,Mechanical Gaming Keyboard,Electronics,1,119.0,Middle East,Bank Transfer,119.0,2025,6,2025-06,Jun,2025Q2,Thursday,0
ORD-10684,2025-06-26 00:00:00,CUST-640,Espresso Coffee Machine,Home & Kitchen,7,499.0,Middle East,PayPal,3493.0,2025,6,2025-06,Jun,2025Q2,Thursday,0
ORD-10828,2025-06-26 00:00:00,CUST-907,Smart LED Desk Lamp,Home & Kitchen,4,39.99,Middle East,Crypto,159.96,2025,6,2025-06,Jun,2025Q2,Thursday,0
ORD-11491,2025-06-26 08:00:00,CUST-194,Mechanical Gaming Keyboard,Electronics,2,119.0,Latin America,Debit Card,238.0,2025,6,2025-06,Jun,2025Q2,Thursday,8
ORD-10530,2025-06-26 08:00:00,CUST-873,Ergonomic Office Chair,Furniture,4,349.99,North America,Credit Card,1399.96,2025,6,2025-06,Jun,2025Q2,Thursday,8
ORD-10787,2025-06-26 10:00:00,CUST-UNKNOWN,Wireless Noise-Canceling Headphones,Audio & Accessories,2,249.5,Latin America,Bank Transfer,499.0,2025,6,2025-06,Jun,2025Q2,Thursday,10
ORD-11167,2025-06-26 11:00:00,CUST-936,Smart Fitness Watch V2,Electronics,2,199.95,Middle East,Debit Card,399.9,2025,6,2025-06,Jun,2025Q2,Thursday,11
ORD-10921,2025-06-27 00:00:00,CUST-714,Wireless Noise-Canceling Headphones,Audio & Accessories,2,249.5,Middle East,Credit Card,499.0,2025,6,2025-06,Jun,2025Q2,Friday,0
ORD-10947,2025-06-27 18:00:00,CUST-710,Mechanical Gaming Keyboard,Electronics,6,119.0,Asia-Pacific,Credit Card,714.0,2025,6,2025-06,Jun,2025Q2,Friday,18
ORD-11250,2025-06-27 19:00:00,CUST-297,Espresso Coffee Machine,Home & Kitchen,4,499.0,Latin America,Bank Transfer,1996.0,2025,6,2025-06,Jun,2025Q2,Friday,19
ORD-10554,2025-06-28 14:00:00,CUST-341,Wireless Vertical Mouse,Electronics,5,49.99,Europe,Credit Card,249.95,2025,6,2025-06,Jun,2025Q2,Saturday,14
ORD-10510,2025-06-28 17:00:00,CUST-620,Wireless Vertical Mouse,Electronics,3,49.99,North America,Debit Card,149.97,2025,6,2025-06,Jun,2025Q2,Saturday,17
ORD-10256,2025-06-29 14:00:00,CUST-243,HD Webcam 1080p,Electronics,7,69.99,Europe,Bank Transfer,489.93,2025,6,2025-06,Jun,2025Q2,Sunday,14
ORD-11308,2025-06-29 18:00:00,CUST-127,Espresso Coffee Machine,Home & Kitchen,1,499.0,Latin America,Credit Card,499.0,2025,6,2025-06,Jun,2025Q2,Sunday,18
ORD-10147,2025-06-30 00:00:00,CUST-381,UltraBook Pro 15,Electronics,2,1299.99,North America,Credit Card,2599.98,2025,6,2025-06,Jun,2025Q2,Monday,0
ORD-10091,2025-06-30 11:00:00,CUST-735,Ergonomic Office Chair,Furniture,3,349.99,Asia-Pacific,PayPal,1049.97,2025,6,2025-06,Jun,2025Q2,Monday,11
ORD-10943,2025-06-30 12:00:00,CUST-663,Stainless Steel Water Bottle,Home & Kitchen,5,25.0,North America,Bank Transfer,125.0,2025,6,2025-06,Jun,2025Q2,Monday,12
ORD-10468,2025-06-30 13:00:00,CUST-341,UltraBook Pro 15,Electronics,1,1299.99,Middle East,Bank Transfer,1299.99,2025,6,2025-06,Jun,2025Q2,Monday,13
ORD-10821,2025-06-30 17:00:00,CUST-314,Bluetooth Portable Speaker,Audio & Accessories,1,89.99,North America,Credit Card,89.99,2025,6,2025-06,Jun,2025Q2,Monday,17
ORD-11137,2025-07-01 19:00:00,CUST-415,Smart Fitness Watch V2,Electronics,2,199.95,Latin America,Crypto,399.9,2025,7,2025-07,Jul,2025Q3,Tuesday,19
ORD-11453,2025-07-01 20:00:00,CUST-397,Stainless Steel Water Bottle,Home & Kitchen,2,25.0,North America,PayPal,50.0,2025,7,2025-07,Jul,2025Q3,Tuesday,20
ORD-10887,2025-07-02 00:00:00,CUST-199,Smart Fitness Watch V2,Electronics,1,199.95,Asia-Pacific,Debit Card,199.95,2025,7,2025-07,Jul,2025Q3,Wednesday,0
ORD-11240,2025-07-02 00:00:00,CUST-318,Smart Fitness Watch V2,Electronics,5,199.95,Asia-Pacific,Credit Card,999.75,2025,7,2025-07,Jul,2025Q3,Wednesday,0
ORD-11033,2025-07-02 16:00:00,CUST-198,Stainless Steel Water Bottle,Home & Kitchen,1,25.0,Europe,Credit Card,25.0,2025,7,2025-07,Jul,2025Q3,Wednesday,16
ORD-11493,2025-07-03 00:00:00,CUST-307,Noise-Isolating Earbuds,Audio & Accessories,1,29.99,Asia-Pacific,Unspecified,29.99,2025,7,2025-07,Jul,2025Q3,Thursday,0
ORD-11299,2025-07-03 18:00:00,CUST-871,Mechanical Gaming Keyboard,Electronics,3,119.0,Middle East,PayPal,357.0,2025,7,2025-07,Jul,2025Q3,Thursday,18
ORD-10734,2025-07-04 00:00:00,CUST-303,Ergonomic Office Chair,Furniture,2,349.99,Europe,Bank Transfer,699.98,2025,7,2025-07,Jul,2025Q3,Friday,0
ORD-10265,2025-07-04 08:00:00,CUST-680,USB-C Multi-Port Hub,Audio & Accessories,4,45.0,Europe,Bank Transfer,180.0,2025,7,2025-07,Jul,2025Q3,Friday,8
ORD-10365,2025-07-04 12:00:00,CUST-870,Stainless Steel Water Bottle,Home & Kitchen,2,25.0,Middle East,Crypto,50.0,2025,7,2025-07,Jul,2025Q3,Friday,12
ORD-11279,2025-07-04 13:00:00,CUST-522,Espresso Coffee Machine,Home & Kitchen,2,499.0,Asia-Pacific,Credit Card,998.0,2025,7,2025-07,Jul,2025Q3,Friday,13
ORD-10384,2025-07-04 14:00:00,CUST-565,Ergonomic Office Chair,Furniture,4,349.99,North America,Credit Card,1399.96,2025,7,2025-07,Jul,2025Q3,Friday,14
ORD-10778,2025-07-04 14:00:00,CUST-582,Wireless Noise-Canceling Headphones,Audio & Accessories,3,249.5,Latin America,Debit Card,748.5,2025,7,2025-07,Jul,2025Q3,Friday,14
ORD-10153,2025-07-04 16:00:00,CUST-578,Smart LED Desk Lamp,Home & Kitchen,2,39.99,Middle East,PayPal,79.98,2025,7,2025-07,Jul,2025Q3,Friday,16
ORD-11383,2025-07-04 19:00:00,CUST-UNKNOWN,Standing Desk Converter,Furniture,1,220.0,Asia-Pacific,Bank Transfer,220.0,2025,7,2025-07,Jul,2025Q3,Friday,19
ORD-11013,2025-07-05 11:00:00,CUST-866,Ergonomic Office Chair,Furniture,1,349.99,North America,PayPal,349.99,2025,7,2025-07,Jul,2025Q3,Saturday,11
ORD-10165,2025-07-05 16:00:00,CUST-495,Standing Desk Converter,Furniture,5,220.0,Middle East,Debit Card,1100.0,2025,7,2025-07,Jul,2025Q3,Saturday,16
ORD-11014,2025-07-05 18:00:00,CUST-335,Bluetooth Portable Speaker,Audio & Accessories,3,89.99,Latin America,Debit Card,269.97,2025,7,2025-07,Jul,2025Q3,Saturday,18
ORD-11445,2025-07-05 19:00:00,CUST-642,Stainless Steel Water Bottle,Home & Kitchen,1,25.0,Europe,Debit Card,25.0,2025,7,2025-07,Jul,2025Q3,Saturday,19
ORD-10941,2025-07-06 00:00:00,CUST-988,Mechanical Gaming Keyboard,Electronics,2,119.0,Middle East,Crypto,238.0,2025,7,2025-07,Jul,2025Q3,Sunday,0
ORD-10289,2025-07-06 09:00:00,CUST-778,Wireless Vertical Mouse,Electronics,3,49.99,Latin America,Crypto,149.97,2025,7,2025-07,Jul,2025Q3,Sunday,9
ORD-11402,2025-07-06 09:00:00,CUST-UNKNOWN,Wireless Noise-Canceling Headphones,Audio & Accessories,1,249.5,Asia-Pacific,Debit Card,249.5,2025,7,2025-07,Jul,2025Q3,Sunday,9
ORD-11118,2025-07-07 00:00:00,CUST-245,Wireless Noise-Canceling Headphones,Audio & Accessories,1,249.5,Europe,Debit Card,249.5,2025,7,2025-07,Jul,2025Q3,Monday,0
ORD-10446,2025-07-07 11:00:00,CUST-172,HD Webcam 1080p,Electronics,10,69.99,North America,PayPal,699.9,2025,7,2025-07,Jul,2025Q3,Monday,11
ORD-10110,2025-07-08 00:00:00,CUST-687,Smart Fitness Watch V2,Electronics,1,199.95,Europe,Debit Card,199.95,2025,7,2025-07,Jul,2025Q3,Tuesday,0
ORD-10729,2025-07-08 08:00:00,CUST-773,HD Webcam 1080p,Electronics,1,69.99,Europe,Credit Card,69.99,2025,7,2025-07,Jul,2025Q3,Tuesday,8
ORD-10053,2025-07-08 10:00:00,CUST-865,Espresso Coffee Machine,Home & Kitchen,6,499.0,North America,PayPal,2994.0,2025,7,2025-07,Jul,2025Q3,Tuesday,10
ORD-10859,2025-07-08 13:00:00,CUST-822,Stainless Steel Water Bottle,Home & Kitchen,1,25.0,Middle East,Bank Transfer,25.0,2025,7,2025-07,Jul,2025Q3,Tuesday,13
ORD-10991,2025-07-08 13:00:00,CUST-547,Noise-Isolating Earbuds,Audio & Accessories,3,29.99,North America,PayPal,89.97,2025,7,2025-07,Jul,2025Q3,Tuesday,13
ORD-10644,2025-07-09 00:00:00,CUST-569,USB-C Multi-Port Hub,Audio & Accessories,1,45.0,North America,Credit Card,45.0,2025,7,2025-07,Jul,2025Q3,Wednesday,0
ORD-10200,2025-07-09 09:00:00,CUST-949,Noise-Isolating Earbuds,Audio & Accessories,3,29.99,Europe,Credit Card,89.97,2025,7,2025-07,Jul,2025Q3,Wednesday,9
ORD-10944,2025-07-09 09:00:00,CUST-491,UltraBook Pro 15,Electronics,1,1299.99,Latin America,PayPal,1299.99,2025,7,2025-07,Jul,2025Q3,Wednesday,9
ORD-10026,2025-07-09 12:00:00,CUST-953,Wireless Noise-Canceling Headphones,Audio & Accessories,1,249.5,Middle East,Unspecified,249.5,2025,7,2025-07,Jul,2025Q3,Wednesday,12
ORD-10551,2025-07-09 16:00:00,CUST-349,Standing Desk Converter,Furniture,5,220.0,Middle East,Credit Card,1100.0,2025,7,2025-07,Jul,2025Q3,Wednesday,16
ORD-10398,2025-07-09 16:00:00,CUST-359,Bluetooth Portable Speaker,Audio & Accessories,4,89.99,Asia-Pacific,Crypto,359.96,2025,7,2025-07,Jul,2025Q3,Wednesday,16
ORD-10433,2025-07-10 00:00:00,CUST-132,Smart LED Desk Lamp,Home & Kitchen,1,39.99,Asia-Pacific,Credit Card,39.99,2025,7,2025-07,Jul,2025Q3,Thursday,0
ORD-10824,2025-07-10 00:00:00,CUST-940,Stainless Steel Water Bottle,Home & Kitchen,2,25.0,Middle East,Crypto,50.0,2025,7,2025-07,Jul,2025Q3,Thursday,0
ORD-10309,2025-07-10 08:00:00,CUST-912,USB-C Multi-Port Hub,Audio & Accessories,1,45.0,Asia-Pacific,Bank Transfer,45.0,2025,7,2025-07,Jul,2025Q3,Thursday,8
ORD-11356,2025-07-10 11:00:00,CUST-525,USB-C Multi-Port Hub,Audio & Accessories,6,45.0,North America,PayPal,270.0,2025,7,2025-07,Jul,2025Q3,Thursday,11
ORD-11053,2025-07-10 16:00:00,CUST-583,HD Webcam 1080p,Electronics,4,69.99,Latin America,PayPal,279.96,2025,7,2025-07,Jul,2025Q3,Thursday,16
ORD-10108,2025-07-10 20:00:00,CUST-161,Wireless Noise-Canceling Headphones,Audio & Accessories,1,249.5,Middle East,Crypto,249.5,2025,7,2025-07,Jul,2025Q3,Thursday,20
ORD-10166,2025-07-11 00:00:00,CUST-671,Wireless Noise-Canceling Headphones,Audio & Accessories,1,249.5,Asia-Pacific,PayPal,249.5,2025,7,2025-07,Jul,2025Q3,Friday,0
ORD-10742,2025-07-11 12:00:00,CUST-237,HD Webcam 1080p,Electronics,4,69.99,North America,Bank Transfer,279.96,2025,7,2025-07,Jul,2025Q3,Friday,12
ORD-10086,2025-07-11 14:00:00,CUST-643,UltraBook Pro 15,Electronics,4,1299.99,Latin America,Crypto,5199.96,2025,7,2025-07,Jul,2025Q3,Friday,14
ORD-10781,2025-07-11 15:00:00,CUST-525,Wireless Vertical Mouse,Electronics,2,49.99,Latin America,Bank Transfer,99.98,2025,7,2025-07,Jul,2025Q3,Friday,15
ORD-10296,2025-07-12 00:00:00,CUST-660,Wireless Noise-Canceling Headphones,Audio & Accessories,4,249.5,North America,Unspecified,998.0,2025,7,2025-07,Jul,2025Q3,Saturday,0
ORD-10054,2025-07-12 00:00:00,CUST-303,Stainless Steel Water Bottle,Home & Kitchen,3,25.0,North America,Crypto,75.0,2025,7,2025-07,Jul,2025Q3,Saturday,0
ORD-11153,2025-07-12 08:00:00,CUST-861,Wireless Noise-Canceling Headphones,Audio & Accessories,3,249.5,Europe,Debit Card,748.5,2025,7,2025-07,Jul,2025Q3,Saturday,8
ORD-10780,2025-07-12 16:00:00,CUST-173,4K Ultra HD Smart Monitor 27in,Electronics,3,450.0,Asia-Pacific,Unspecified,1350.0,2025,7,2025-07,Jul,2025Q3,Saturday,16
ORD-11277,2025-07-12 16:00:00,CUST-544,Smart Fitness Watch V2,Electronics,11,199.95,Asia-Pacific,Debit Card,2199.45,2025,7,2025-07,Jul,2025Q3,Saturday,16
ORD-11435,2025-07-12 20:00:00,CUST-193,Wireless Vertical Mouse,Electronics,1,49.99,Middle East,Credit Card,49.99,2025,7,2025-07,Jul,2025Q3,Saturday,20
ORD-10690,2025-07-13 00:00:00,CUST-207,HD Webcam 1080p,Electronics,1,69.99,Asia-Pacific,Crypto,69.99,2025,7,2025-07,Jul,2025Q3,Sunday,0
ORD-11361,2025-07-13 00:00:00,CUST-550,Mechanical Gaming Keyboard,Electronics,1,119.0,Asia-Pacific,PayPal,119.0,2025,7,2025-07,Jul,2025Q3,Sunday,0
ORD-10905,2025-07-13 11:00:00,CUST-295,Smart LED Desk Lamp,Home & Kitchen,6,39.99,Middle East,Credit Card,239.94,2025,7,2025-07,Jul,2025Q3,Sunday,11
ORD-10878,2025-07-13 19:00:00,CUST-534,Espresso Coffee Machine,Home & Kitchen,1,499.0,Asia-Pacific,Credit Card,499.0,2025,7,2025-07,Jul,2025Q3,Sunday,19
ORD-10615,2025-07-14 09:00:00,CUST-465,Noise-Isolating Earbuds,Audio & Accessories,6,29.99,Latin America,Bank Transfer,179.94,2025,7,2025-07,Jul,2025Q3,Monday,9
ORD-10221,2025-07-14 10:00:00,CUST-408,Bluetooth Portable Speaker,Audio & Accessories,2,89.99,Asia-Pacific,Debit Card,179.98,2025,7,2025-07,Jul,2025Q3,Monday,10
ORD-10514,2025-07-14 13:00:00,CUST-776,HD Webcam 1080p,Electronics,1,69.99,North America,Credit Card,69.99,2025,7,2025-07,Jul,2025Q3,Monday,13
ORD-10254,2025-07-15 00:00:00,CUST-995,Noise-Isolating Earbuds,Audio & Accessories,1,29.99,Europe,PayPal,29.99,2025,7,2025-07,Jul,2025Q3,Tuesday,0
ORD-11011,2025-07-15 00:00:00,CUST-180,Stainless Steel Water Bottle,Home & Kitchen,11,25.0,North America,PayPal,275.0,2025,7,2025-07,Jul,2025Q3,Tuesday,0
ORD-10779,2025-07-15 00:00:00,CUST-877,Smart LED Desk Lamp,Home & Kitchen,3,39.99,Asia-Pacific,Crypto,119.97,2025,7,2025-07,Jul,2025Q3,Tuesday,0
ORD-11343,2025-07-15 08:00:00,CUST-841,HD Webcam 1080p,Electronics,4,69.99,Latin America,Debit Card,279.96,2025,7,2025-07,Jul,2025Q3,Tuesday,8
ORD-10416,2025-07-15 11:00:00,CUST-856,Bluetooth Portable Speaker,Audio & Accessories,1,89.99,Europe,Debit Card,89.99,2025,7,2025-07,Jul,2025Q3,Tuesday,11
ORD-10888,2025-07-15 15:00:00,CUST-972,UltraBook Pro 15,Electronics,1,1299.99,North America,Bank Transfer,1299.99,2025,7,2025-07,Jul,2025Q3,Tuesday,15
ORD-10802,2025-07-15 18:00:00,CUST-675,Espresso Coffee Machine,Home & Kitchen,2,499.0,Latin America,PayPal,998.0,2025,7,2025-07,Jul,2025Q3,Tuesday,18
ORD-10978,2025-07-16 00:00:00,CUST-165,Ergonomic Office Chair,Furniture,2,349.99,North America,Crypto,699.98,2025,7,2025-07,Jul,2025Q3,Wednesday,0
ORD-11110,2025-07-16 00:00:00,CUST-528,Stainless Steel Water Bottle,Home & Kitchen,4,25.0,Latin America,PayPal,100.0,2025,7,2025-07,Jul,2025Q3,Wednesday,0
ORD-10089,2025-07-16 15:00:00,CUST-490,4K Ultra HD Smart Monitor 27in,Electronics,2,450.0,Middle East,Bank Transfer,900.0,2025,7,2025-07,Jul,2025Q3,Wednesday,15
ORD-10998,2025-07-16 15:00:00,CUST-491,Wireless Noise-Canceling Headphones,Audio & Accessories,7,249.5,Latin America,Debit Card,1746.5,2025,7,2025-07,Jul,2025Q3,Wednesday,15
ORD-10294,2025-07-17 00:00:00,CUST-270,Smart LED Desk Lamp,Home & Kitchen,1,39.99,Latin America,Debit Card,39.99,2025,7,2025-07,Jul,2025Q3,Thursday,0
ORD-11357,2025-07-17 00:00:00,CUST-179,UltraBook Pro 15,Electronics,2,1299.99,Middle East,Bank Transfer,2599.98,2025,7,2025-07,Jul,2025Q3,Thursday,0
ORD-10584,2025-07-17 13:00:00,CUST-453,Wireless Vertical Mouse,Electronics,3,49.99,Asia-Pacific,Bank Transfer,149.97,2025,7,2025-07,Jul,2025Q3,Thursday,13
ORD-10782,2025-07-17 17:00:00,CUST-881,Noise-Isolating Earbuds,Audio & Accessories,1,29.99,Latin America,Bank Transfer,29.99,2025,7,2025-07,Jul,2025Q3,Thursday,17
ORD-11166,2025-07-17 18:00:00,CUST-302,UltraBook Pro 15,Electronics,5,1299.99,Europe,Credit Card,6499.95,2025,7,2025-07,Jul,2025Q3,Thursday,18
ORD-11487,2025-07-18 16:00:00,CUST-183,UltraBook Pro 15,Electronics,3,1299.99,Europe,Crypto,3899.97,2025,7,2025-07,Jul,2025Q3,Friday,16
ORD-10302,2025-07-18 16:00:00,CUST-648,Ergonomic Office Chair,Furniture,2,349.99,Latin America,Crypto,699.98,2025,7,2025-07,Jul,2025Q3,Friday,16
ORD-11390,2025-07-19 00:00:00,CUST-UNKNOWN,Wireless Noise-Canceling Headphones,Audio & Accessories,1,249.5,Middle East,PayPal,249.5,2025,7,2025-07,Jul,2025Q3,Saturday,0
ORD-10843,2025-07-19 10:00:00,CUST-210,Espresso Coffee Machine,Home & Kitchen,8,499.0,North America,PayPal,3992.0,2025,7,2025-07,Jul,2025Q3,Saturday,10
ORD-10048,2025-07-19 14:00:00,CUST-852,Smart Fitness Watch V2,Electronics,2,199.95,Middle East,Crypto,399.9,2025,7,2025-07,Jul,2025Q3,Saturday,14
ORD-11157,2025-07-19 15:00:00,CUST-381,Stainless Steel Water Bottle,Home & Kitchen,5,25.0,Asia-Pacific,Credit Card,125.0,2025,7,2025-07,Jul,2025Q3,Saturday,15
ORD-11043,2025-07-20 00:00:00,CUST-979,Espresso Coffee Machine,Home & Kitchen,3,499.0,Asia-Pacific,Bank Transfer,1497.0,2025,7,2025-07,Jul,2025Q3,Sunday,0
ORD-10913,2025-07-20 11:00:00,CUST-502,Standing Desk Converter,Furniture,2,220.0,North America,Crypto,440.0,2025,7,2025-07,Jul,2025Q3,Sunday,11
ORD-10236,2025-07-20 17:00:00,CUST-460,HD Webcam 1080p,Electronics,1,69.99,Latin America,Crypto,69.99,2025,7,2025-07,Jul,2025Q3,Sunday,17
ORD-10458,2025-07-21 00:00:00,CUST-689,UltraBook Pro 15,Electronics,1,1299.99,Middle East,Credit Card,1299.99,2025,7,2025-07,Jul,2025Q3,Monday,0
ORD-10583,2025-07-21 11:00:00,CUST-717,Wireless Noise-Canceling Headphones,Audio & Accessories,1,249.5,Middle East,Crypto,249.5,2025,7,2025-07,Jul,2025Q3,Monday,11
ORD-11085,2025-07-21 19:00:00,CUST-583,USB-C Multi-Port Hub,Audio & Accessories,2,45.0,Latin America,Debit Card,90.0,2025,7,2025-07,Jul,2025Q3,Monday,19
ORD-11213,2025-07-21 20:00:00,CUST-305,Espresso Coffee Machine,Home & Kitchen,4,499.0,Asia-Pacific,Bank Transfer,1996.0,2025,7,2025-07,Jul,2025Q3,Monday,20
ORD-10862,2025-07-22 10:00:00,CUST-847,Stainless Steel Water Bottle,Home & Kitchen,2,25.0,Latin America,Bank Transfer,50.0,2025,7,2025-07,Jul,2025Q3,Tuesday,10
ORD-10692,2025-07-22 12:00:00,CUST-751,Bluetooth Portable Speaker,Audio & Accessories,2,89.99,Latin America,Debit Card,179.98,2025,7,2025-07,Jul,2025Q3,Tuesday,12
ORD-10479,2025-07-22 19:00:00,CUST-496,Ergonomic Office Chair,Furniture,2,349.99,Middle East,Credit Card,699.98,2025,7,2025-07,Jul,2025Q3,Tuesday,19
ORD-10897,2025-07-23 20:00:00,CUST-511,Wireless Noise-Canceling Headphones,Audio & Accessories,6,249.5,Asia-Pacific,Credit Card,1497.0,2025,7,2025-07,Jul,2025Q3,Wednesday,20
ORD-10960,2025-07-24 00:00:00,CUST-409,Stainless Steel Water Bottle,Home & Kitchen,1,25.0,Middle East,Bank Transfer,25.0,2025,7,2025-07,Jul,2025Q3,Thursday,0
ORD-10896,2025-07-24 09:00:00,CUST-995,Standing Desk Converter,Furniture,1,220.0,Latin America,Credit Card,220.0,2025,7,2025-07,Jul,2025Q3,Thursday,9
ORD-11156,2025-07-24 09:00:00,CUST-417,Standing Desk Converter,Furniture,1,220.0,North America,Debit Card,220.0,2025,7,2025-07,Jul,2025Q3,Thursday,9
ORD-10761,2025-07-24 11:00:00,CUST-110,USB-C Multi-Port Hub,Audio & Accessories,1,45.0,Asia-Pacific,Credit Card,45.0,2025,7,2025-07,Jul,2025Q3,Thursday,11
ORD-11263,2025-07-24 13:00:00,CUST-910,Wireless Vertical Mouse,Electronics,2,49.99,Europe,PayPal,99.98,2025,7,2025-07,Jul,2025Q3,Thursday,13
ORD-11368,2025-07-24 14:00:00,CUST-406,Smart Fitness Watch V2,Electronics,1,199.95,North America,PayPal,199.95,2025,7,2025-07,Jul,2025Q3,Thursday,14
ORD-10229,2025-07-24 20:00:00,CUST-UNKNOWN,Stainless Steel Water Bottle,Home & Kitchen,3,25.0,Latin America,Credit Card,75.0,2025,7,2025-07,Jul,2025Q3,Thursday,20
ORD-11086,2025-07-24 20:00:00,CUST-389,Smart LED Desk Lamp,Home & Kitchen,3,39.99,Latin America,Crypto,119.97,2025,7,2025-07,Jul,2025Q3,Thursday,20
ORD-10401,2025-07-25 00:00:00,CUST-393,UltraBook Pro 15,Electronics,6,1299.99,Middle East,Credit Card,7799.94,2025,7,2025-07,Jul,2025Q3,Friday,0
ORD-11098,2025-07-25 08:00:00,CUST-864,Espresso Coffee Machine,Home & Kitchen,4,499.0,Asia-Pacific,Credit Card,1996.0,2025,7,2025-07,Jul,2025Q3,Friday,8
ORD-10725,2025-07-25 09:00:00,CUST-520,Bluetooth Portable Speaker,Audio & Accessories,5,89.99,Europe,Crypto,449.95,2025,7,2025-07,Jul,2025Q3,Friday,9
ORD-10415,2025-07-25 12:00:00,CUST-685,Smart Fitness Watch V2,Electronics,2,199.95,Europe,Crypto,399.9,2025,7,2025-07,Jul,2025Q3,Friday,12
ORD-10450,2025-07-25 16:00:00,CUST-261,Smart LED Desk Lamp,Home & Kitchen,4,39.99,Middle East,Crypto,159.96,2025,7,2025-07,Jul,2025Q3,Friday,16
ORD-10813,2025-07-26 11:00:00,CUST-346,Mechanical Gaming Keyboard,Electronics,6,119.0,Latin America,Debit Card,714.0,2025,7,2025-07,Jul,2025Q3,Saturday,11
ORD-10657,2025-07-26 12:00:00,CUST-769,Ergonomic Office Chair,Furniture,2,349.99,Europe,Credit Card,699.98,2025,7,2025-07,Jul,2025Q3,Saturday,12
ORD-10579,2025-07-27 00:00:00,CUST-UNKNOWN,Wireless Noise-Canceling Headphones,Audio & Accessories,1,249.5,Asia-Pacific,PayPal,249.5,2025,7,2025-07,Jul,2025Q3,Sunday,0
ORD-11286,2025-07-27 11:00:00,CUST-142,Stainless Steel Water Bottle,Home & Kitchen,1,25.0,Latin America,Credit Card,25.0,2025,7,2025-07,Jul,2025Q3,Sunday,11
ORD-10608,2025-07-27 15:00:00,CUST-250,USB-C Multi-Port Hub,Audio & Accessories,2,45.0,Latin America,Credit Card,90.0,2025,7,2025-07,Jul,2025Q3,Sunday,15
ORD-10185,2025-07-27 18:00:00,CUST-820,USB-C Multi-Port Hub,Audio & Accessories,3,45.0,Asia-Pacific,Credit Card,135.0,2025,7,2025-07,Jul,2025Q3,Sunday,18
ORD-11473,2025-07-28 08:00:00,CUST-760,Noise-Isolating Earbuds,Audio & Accessories,2,29.99,Asia-Pacific,Crypto,59.98,2025,7,2025-07,Jul,2025Q3,Monday,8
ORD-11447,2025-07-28 11:00:00,CUST-716,Stainless Steel Water Bottle,Home & Kitchen,5,25.0,Middle East,Crypto,125.0,2025,7,2025-07,Jul,2025Q3,Monday,11
ORD-10017,2025-07-28 11:00:00,CUST-774,Ergonomic Office Chair,Furniture,2,349.99,Latin America,Bank Transfer,699.98,2025,7,2025-07,Jul,2025Q3,Monday,11
ORD-10098,2025-07-28 12:00:00,CUST-479,Wireless Vertical Mouse,Electronics,1,49.99,Europe,Debit Card,49.99,2025,7,2025-07,Jul,2025Q3,Monday,12
ORD-11015,2025-07-28 18:00:00,CUST-241,Ergonomic Office Chair,Furniture,7,349.99,Middle East,Bank Transfer,2449.93,2025,7,2025-07,Jul,2025Q3,Monday,18
ORD-11009,2025-07-28 18:00:00,CUST-401,Smart LED Desk Lamp,Home & Kitchen,2,39.99,Middle East,Credit Card,79.98,2025,7,2025-07,Jul,2025Q3,Monday,18
ORD-11111,2025-07-29 08:00:00,CUST-355,Wireless Noise-Canceling Headphones,Audio & Accessories,1,249.5,Europe,Unspecified,249.5,2025,7,2025-07,Jul,2025Q3,Tuesday,8
ORD-10698,2025-07-29 14:00:00,CUST-504,HD Webcam 1080p,Electronics,1,69.99,Asia-Pacific,Crypto,69.99,2025,7,2025-07,Jul,2025Q3,Tuesday,14
ORD-10126,2025-07-29 20:00:00,CUST-712,Noise-Isolating Earbuds,Audio & Accessories,4,29.99,North America,Bank Transfer,119.96,2025,7,2025-07,Jul,2025Q3,Tuesday,20
ORD-10691,2025-07-30 09:00:00,CUST-535,Espresso Coffee Machine,Home & Kitchen,2,499.0,Europe,Debit Card,998.0,2025,7,2025-07,Jul,2025Q3,Wednesday,9
ORD-10473,2025-07-30 12:00:00,CUST-941,Noise-Isolating Earbuds,Audio & Accessories,6,29.99,Asia-Pacific,PayPal,179.94,2025,7,2025-07,Jul,2025Q3,Wednesday,12
ORD-10154,2025-07-30 20:00:00,CUST-688,Espresso Coffee Machine,Home & Kitchen,10,499.0,North America,PayPal,4990.0,2025,7,2025-07,Jul,2025Q3,Wednesday,20
ORD-10476,2025-07-31 00:00:00,CUST-307,UltraBook Pro 15,Electronics,1,1299.99,Europe,Credit Card,1299.99,2025,7,2025-07,Jul,2025Q3,Thursday,0
ORD-11221,2025-07-31 14:00:00,CUST-294,UltraBook Pro 15,Electronics,1,1299.99,Latin America,Bank Transfer,1299.99,2025,7,2025-07,Jul,2025Q3,Thursday,14
ORD-10451,2025-07-31 20:00:00,CUST-945,Smart Fitness Watch V2,Electronics,2,199.95,Asia-Pacific,Crypto,399.9,2025,7,2025-07,Jul,2025Q3,Thursday,20
ORD-10079,2025-08-01 00:00:00,CUST-619,Noise-Isolating Earbuds,Audio & Accessories,1,29.99,Asia-Pacific,Credit Card,29.99,2025,8,2025-08,Aug,2025Q3,Friday,0
ORD-11399,2025-08-01 00:00:00,CUST-422,Smart Fitness Watch V2,Electronics,3,199.95,Latin America,Credit Card,599.85,2025,8,2025-08,Aug,2025Q3,Friday,0
ORD-10447,2025-08-01 00:00:00,CUST-159,Stainless Steel Water Bottle,Home & Kitchen,4,25.0,Middle East,Bank Transfer,100.0,2025,8,2025-08,Aug,2025Q3,Friday,0
ORD-10868,2025-08-01 10:00:00,CUST-329,Bluetooth Portable Speaker,Audio & Accessories,5,89.99,North America,PayPal,449.95,2025,8,2025-08,Aug,2025Q3,Friday,10
ORD-10160,2025-08-01 15:00:00,CUST-448,UltraBook Pro 15,Electronics,2,1299.99,Middle East,PayPal,2599.98,2025,8,2025-08,Aug,2025Q3,Friday,15
ORD-11195,2025-08-01 16:00:00,CUST-681,USB-C Multi-Port Hub,Audio & Accessories,5,45.0,Europe,Debit Card,225.0,2025,8,2025-08,Aug,2025Q3,Friday,16
ORD-10449,2025-08-01 19:00:00,CUST-753,Bluetooth Portable Speaker,Audio & Accessories,1,89.99,Middle East,Bank Transfer,89.99,2025,8,2025-08,Aug,2025Q3,Friday,19
ORD-10585,2025-08-01 20:00:00,CUST-267,USB-C Multi-Port Hub,Audio & Accessories,1,45.0,Latin America,Debit Card,45.0,2025,8,2025-08,Aug,2025Q3,Friday,20
ORD-11386,2025-08-02 00:00:00,CUST-723,Wireless Noise-Canceling Headphones,Audio & Accessories,4,249.5,Middle East,PayPal,998.0,2025,8,2025-08,Aug,2025Q3,Saturday,0
ORD-10589,2025-08-02 10:00:00,CUST-804,Stainless Steel Water Bottle,Home & Kitchen,1,25.0,Europe,Credit Card,25.0,2025,8,2025-08,Aug,2025Q3,Saturday,10
ORD-10519,2025-08-02 10:00:00,CUST-UNKNOWN,Noise-Isolating Earbuds,Audio & Accessories,1,29.99,Europe,PayPal,29.99,2025,8,2025-08,Aug,2025Q3,Saturday,10
ORD-10470,2025-08-02 11:00:00,CUST-536,Stainless Steel Water Bottle,Home & Kitchen,1,25.0,Asia-Pacific,Crypto,25.0,2025,8,2025-08,Aug,2025Q3,Saturday,11
ORD-11421,2025-08-03 17:00:00,CUST-592,Espresso Coffee Machine,Home & Kitchen,2,499.0,Europe,PayPal,998.0,2025,8,2025-08,Aug,2025Q3,Sunday,17
ORD-10830,2025-08-03 19:00:00,CUST-549,Ergonomic Office Chair,Furniture,1,349.99,Asia-Pacific,Debit Card,349.99,2025,8,2025-08,Aug,2025Q3,Sunday,19
ORD-10339,2025-08-04 00:00:00,CUST-270,Espresso Coffee Machine,Home & Kitchen,1,499.0,North America,PayPal,499.0,2025,8,2025-08,Aug,2025Q3,Monday,0
ORD-11185,2025-08-04 00:00:00,CUST-140,Espresso Coffee Machine,Home & Kitchen,7,499.0,Asia-Pacific,Debit Card,3493.0,2025,8,2025-08,Aug,2025Q3,Monday,0
ORD-10051,2025-08-04 00:00:00,CUST-581,Smart LED Desk Lamp,Home & Kitchen,4,39.99,North America,Crypto,159.96,2025,8,2025-08,Aug,2025Q3,Monday,0
ORD-11174,2025-08-04 15:00:00,CUST-239,Noise-Isolating Earbuds,Audio & Accessories,3,29.99,Asia-Pacific,Credit Card,89.97,2025,8,2025-08,Aug,2025Q3,Monday,15
ORD-10021,2025-08-05 00:00:00,CUST-902,Smart LED Desk Lamp,Home & Kitchen,1,39.99,Middle East,Debit Card,39.99,2025,8,2025-08,Aug,2025Q3,Tuesday,0
ORD-10480,2025-08-05 12:00:00,CUST-155,4K Ultra HD Smart Monitor 27in,Electronics,3,450.0,Middle East,PayPal,1350.0,2025,8,2025-08,Aug,2025Q3,Tuesday,12
ORD-10461,2025-08-05 13:00:00,CUST-428,HD Webcam 1080p,Electronics,3,69.99,Asia-Pacific,Crypto,209.97,2025,8,2025-08,Aug,2025Q3,Tuesday,13
ORD-11018,2025-08-05 13:00:00,CUST-813,Bluetooth Portable Speaker,Audio & Accessories,6,89.99,Middle East,PayPal,539.94,2025,8,2025-08,Aug,2025Q3,Tuesday,13
ORD-11381,2025-08-05 18:00:00,CUST-UNKNOWN,Espresso Coffee Machine,Home & Kitchen,2,499.0,Middle East,PayPal,998.0,2025,8,2025-08,Aug,2025Q3,Tuesday,18
ORD-11220,2025-08-05 18:00:00,CUST-984,HD Webcam 1080p,Electronics,7,69.99,Asia-Pacific,PayPal,489.93,2025,8,2025-08,Aug,2025Q3,Tuesday,18
ORD-11439,2025-08-05 19:00:00,CUST-182,HD Webcam 1080p,Electronics,3,69.99,Asia-Pacific,Unspecified,209.97,2025,8,2025-08,Aug,2025Q3,Tuesday,19
ORD-10659,2025-08-05 20:00:00,CUST-290,HD Webcam 1080p,Electronics,2,69.99,Latin America,Debit Card,139.98,2025,8,2025-08,Aug,2025Q3,Tuesday,20
ORD-10777,2025-08-06 10:00:00,CUST-410,Espresso Coffee Machine,Home & Kitchen,3,499.0,Asia-Pacific,Crypto,1497.0,2025,8,2025-08,Aug,2025Q3,Wednesday,10
ORD-10043,2025-08-06 11:00:00,CUST-812,Smart LED Desk Lamp,Home & Kitchen,6,39.99,Middle East,Debit Card,239.94,2025,8,2025-08,Aug,2025Q3,Wednesday,11
ORD-11063,2025-08-06 11:00:00,CUST-997,Smart LED Desk Lamp,Home & Kitchen,2,39.99,Europe,Debit Card,79.98,2025,8,2025-08,Aug,2025Q3,Wednesday,11
ORD-10884,2025-08-06 11:00:00,CUST-206,Smart LED Desk Lamp,Home & Kitchen,4,39.99,North America,Bank Transfer,159.96,2025,8,2025-08,Aug,2025Q3,Wednesday,11
ORD-10607,2025-08-06 19:00:00,CUST-883,Wireless Noise-Canceling Headphones,Audio & Accessories,2,249.5,Middle East,Crypto,499.0,2025,8,2025-08,Aug,2025Q3,Wednesday,19
ORD-11484,2025-08-07 00:00:00,CUST-802,Ergonomic Office Chair,Furniture,1,349.99,Europe,PayPal,349.99,2025,8,2025-08,Aug,2025Q3,Thursday,0
ORD-10844,2025-08-08 00:00:00,CUST-544,Stainless Steel Water Bottle,Home & Kitchen,1,25.0,Latin America,Bank Transfer,25.0,2025,8,2025-08,Aug,2025Q3,Friday,0
ORD-10681,2025-08-08 00:00:00,CUST-569,Smart LED Desk Lamp,Home & Kitchen,1,39.99,Middle East,Bank Transfer,39.99,2025,8,2025-08,Aug,2025Q3,Friday,0
ORD-10907,2025-08-08 13:00:00,CUST-709,Smart Fitness Watch V2,Electronics,1,199.95,Europe,Crypto,199.95,2025,8,2025-08,Aug,2025Q3,Friday,13
ORD-10106,2025-08-09 00:00:00,CUST-217,USB-C Multi-Port Hub,Audio & Accessories,2,45.0,Middle East,PayPal,90.0,2025,8,2025-08,Aug,2025Q3,Saturday,0
ORD-10512,2025-08-09 00:00:00,CUST-680,Wireless Vertical Mouse,Electronics,7,49.99,Asia-Pacific,Crypto,349.93,2025,8,2025-08,Aug,2025Q3,Saturday,0
ORD-10598,2025-08-09 08:00:00,CUST-133,Wireless Noise-Canceling Headphones,Audio & Accessories,1,249.5,Middle East,Crypto,249.5,2025,8,2025-08,Aug,2025Q3,Saturday,8
ORD-11205,2025-08-09 12:00:00,CUST-288,Smart Fitness Watch V2,Electronics,4,199.95,Asia-Pacific,Debit Card,799.8,2025,8,2025-08,Aug,2025Q3,Saturday,12
ORD-10899,2025-08-09 15:00:00,CUST-316,Smart LED Desk Lamp,Home & Kitchen,1,39.99,North America,Debit Card,39.99,2025,8,2025-08,Aug,2025Q3,Saturday,15
ORD-11186,2025-08-10 00:00:00,CUST-UNKNOWN,Wireless Vertical Mouse,Electronics,3,49.99,Middle East,PayPal,149.97,2025,8,2025-08,Aug,2025Q3,Sunday,0
ORD-10217,2025-08-10 00:00:00,CUST-776,Bluetooth Portable Speaker,Audio & Accessories,4,89.99,Latin America,Credit Card,359.96,2025,8,2025-08,Aug,2025Q3,Sunday,0
ORD-10758,2025-08-10 15:00:00,CUST-774,Mechanical Gaming Keyboard,Electronics,6,119.0,Europe,Crypto,714.0,2025,8,2025-08,Aug,2025Q3,Sunday,15
ORD-10930,2025-08-11 00:00:00,CUST-302,Stainless Steel Water Bottle,Home & Kitchen,1,25.0,Europe,Credit Card,25.0,2025,8,2025-08,Aug,2025Q3,Monday,0
ORD-10085,2025-08-11 00:00:00,CUST-820,Ergonomic Office Chair,Furniture,1,349.99,North America,Debit Card,349.99,2025,8,2025-08,Aug,2025Q3,Monday,0
ORD-11296,2025-08-11 00:00:00,CUST-600,HD Webcam 1080p,Electronics,1,69.99,Europe,Credit Card,69.99,2025,8,2025-08,Aug,2025Q3,Monday,0
ORD-10273,2025-08-11 00:00:00,CUST-342,HD Webcam 1080p,Electronics,6,69.99,Asia-Pacific,Bank Transfer,419.94,2025,8,2025-08,Aug,2025Q3,Monday,0
ORD-10297,2025-08-11 10:00:00,CUST-439,Stainless Steel Water Bottle,Home & Kitchen,1,25.0,Europe,PayPal,25.0,2025,8,2025-08,Aug,2025Q3,Monday,10
ORD-11366,2025-08-11 15:00:00,CUST-621,Ergonomic Office Chair,Furniture,3,349.99,Asia-Pacific,Debit Card,1049.97,2025,8,2025-08,Aug,2025Q3,Monday,15
ORD-11483,2025-08-11 18:00:00,CUST-902,Bluetooth Portable Speaker,Audio & Accessories,1,89.99,Middle East,Debit Card,89.99,2025,8,2025-08,Aug,2025Q3,Monday,18
ORD-11080,2025-08-11 19:00:00,CUST-954,HD Webcam 1080p,Electronics,4,69.99,Europe,Bank Transfer,279.96,2025,8,2025-08,Aug,2025Q3,Monday,19
ORD-10962,2025-08-12 09:00:00,CUST-552,Mechanical Gaming Keyboard,Electronics,1,119.0,Asia-Pacific,Crypto,119.0,2025,8,2025-08,Aug,2025Q3,Tuesday,9
ORD-10935,2025-08-12 11:00:00,CUST-295,Wireless Vertical Mouse,Electronics,1,49.99,Asia-Pacific,Crypto,49.99,2025,8,2025-08,Aug,2025Q3,Tuesday,11
ORD-10440,2025-08-13 19:00:00,CUST-805,Smart LED Desk Lamp,Home & Kitchen,1,39.99,Latin America,Bank Transfer,39.99,2025,8,2025-08,Aug,2025Q3,Wednesday,19
ORD-11360,2025-08-13 20:00:00,CUST-881,Bluetooth Portable Speaker,Audio & Accessories,6,89.99,Middle East,Credit Card,539.94,2025,8,2025-08,Aug,2025Q3,Wednesday,20
ORD-10677,2025-08-13 20:00:00,CUST-961,Stainless Steel Water Bottle,Home & Kitchen,2,25.0,North America,Credit Card,50.0,2025,8,2025-08,Aug,2025Q3,Wednesday,20
ORD-10602,2025-08-14 00:00:00,CUST-285,Espresso Coffee Machine,Home & Kitchen,1,499.0,Asia-Pacific,Debit Card,499.0,2025,8,2025-08,Aug,2025Q3,Thursday,0
ORD-10171,2025-08-14 13:00:00,CUST-522,Wireless Noise-Canceling Headphones,Audio & Accessories,1,249.5,Europe,Debit Card,249.5,2025,8,2025-08,Aug,2025Q3,Thursday,13
ORD-10242,2025-08-14 16:00:00,CUST-535,UltraBook Pro 15,Electronics,6,1299.99,North America,PayPal,7799.94,2025,8,2025-08,Aug,2025Q3,Thursday,16
ORD-11237,2025-08-15 00:00:00,CUST-495,Bluetooth Portable Speaker,Audio & Accessories,2,89.99,Middle East,PayPal,179.98,2025,8,2025-08,Aug,2025Q3,Friday,0
ORD-11339,2025-08-15 00:00:00,CUST-UNKNOWN,Standing Desk Converter,Furniture,1,220.0,Middle East,Debit Card,220.0,2025,8,2025-08,Aug,2025Q3,Friday,0
ORD-10651,2025-08-15 00:00:00,CUST-674,Noise-Isolating Earbuds,Audio & Accessories,2,29.99,Latin America,Debit Card,59.98,2025,8,2025-08,Aug,2025Q3,Friday,0
ORD-11490,2025-08-15 17:00:00,CUST-266,Noise-Isolating Earbuds,Audio & Accessories,1,29.99,North America,Debit Card,29.99,2025,8,2025-08,Aug,2025Q3,Friday,17
ORD-10462,2025-08-15 17:00:00,CUST-145,Wireless Vertical Mouse,Electronics,4,49.99,Europe,PayPal,199.96,2025,8,2025-08,Aug,2025Q3,Friday,17
ORD-10040,2025-08-15 18:00:00,CUST-584,Smart Fitness Watch V2,Electronics,1,199.95,Europe,Credit Card,199.95,2025,8,2025-08,Aug,2025Q3,Friday,18
ORD-10685,2025-08-15 19:00:00,CUST-931,Smart LED Desk Lamp,Home & Kitchen,2,39.99,Latin America,PayPal,79.98,2025,8,2025-08,Aug,2025Q3,Friday,19
ORD-10773,2025-08-16 00:00:00,CUST-237,HD Webcam 1080p,Electronics,2,69.99,Asia-Pacific,Bank Transfer,139.98,2025,8,2025-08,Aug,2025Q3,Saturday,0
ORD-11209,2025-08-16 08:00:00,CUST-650,Mechanical Gaming Keyboard,Electronics,14,119.0,North America,Bank Transfer,1666.0,2025,8,2025-08,Aug,2025Q3,Saturday,8
ORD-11103,2025-08-16 10:00:00,CUST-860,Smart Fitness Watch V2,Electronics,7,199.95,Latin America,PayPal,1399.65,2025,8,2025-08,Aug,2025Q3,Saturday,10
ORD-10574,2025-08-16 19:00:00,CUST-UNKNOWN,Noise-Isolating Earbuds,Audio & Accessories,5,29.99,Europe,Credit Card,149.95,2025,8,2025-08,Aug,2025Q3,Saturday,19
ORD-10279,2025-08-16 20:00:00,CUST-967,Ergonomic Office Chair,Furniture,4,349.99,Asia-Pacific,Credit Card,1399.96,2025,8,2025-08,Aug,2025Q3,Saturday,20
ORD-10756,2025-08-17 00:00:00,CUST-719,UltraBook Pro 15,Electronics,3,1299.99,Europe,Crypto,3899.97,2025,8,2025-08,Aug,2025Q3,Sunday,0
ORD-10366,2025-08-17 00:00:00,CUST-728,Wireless Noise-Canceling Headphones,Audio & Accessories,8,249.5,Middle East,PayPal,1996.0,2025,8,2025-08,Aug,2025Q3,Sunday,0
ORD-10080,2025-08-17 16:00:00,CUST-440,USB-C Multi-Port Hub,Audio & Accessories,5,45.0,Middle East,Crypto,225.0,2025,8,2025-08,Aug,2025Q3,Sunday,16
ORD-10132,2025-08-18 11:00:00,CUST-416,4K Ultra HD Smart Monitor 27in,Electronics,1,450.0,Latin America,PayPal,450.0,2025,8,2025-08,Aug,2025Q3,Monday,11
ORD-11434,2025-08-18 14:00:00,CUST-956,HD Webcam 1080p,Electronics,1,69.99,Latin America,Bank Transfer,69.99,2025,8,2025-08,Aug,2025Q3,Monday,14
ORD-10137,2025-08-18 17:00:00,CUST-181,Smart LED Desk Lamp,Home & Kitchen,3,39.99,North America,Bank Transfer,119.97,2025,8,2025-08,Aug,2025Q3,Monday,17
ORD-10227,2025-08-18 17:00:00,CUST-510,Smart LED Desk Lamp,Home & Kitchen,2,39.99,Middle East,Unspecified,79.98,2025,8,2025-08,Aug,2025Q3,Monday,17
ORD-10103,2025-08-18 20:00:00,CUST-707,Bluetooth Portable Speaker,Audio & Accessories,2,89.99,North America,Debit Card,179.98,2025,8,2025-08,Aug,2025Q3,Monday,20
ORD-10135,2025-08-19 00:00:00,CUST-524,Noise-Isolating Earbuds,Audio & Accessories,1,29.99,North America,Debit Card,29.99,2025,8,2025-08,Aug,2025Q3,Tuesday,0
ORD-10789,2025-08-19 00:00:00,CUST-290,Bluetooth Portable Speaker,Audio & Accessories,7,89.99,Europe,Credit Card,629.93,2025,8,2025-08,Aug,2025Q3,Tuesday,0
ORD-11109,2025-08-19 00:00:00,CUST-UNKNOWN,USB-C Multi-Port Hub,Audio & Accessories,1,45.0,Latin America,Bank Transfer,45.0,2025,8,2025-08,Aug,2025Q3,Tuesday,0
ORD-11271,2025-08-19 00:00:00,CUST-910,Espresso Coffee Machine,Home & Kitchen,5,499.0,Asia-Pacific,PayPal,2495.0,2025,8,2025-08,Aug,2025Q3,Tuesday,0
ORD-10904,2025-08-19 10:00:00,CUST-UNKNOWN,Bluetooth Portable Speaker,Audio & Accessories,2,89.99,Middle East,Credit Card,179.98,2025,8,2025-08,Aug,2025Q3,Tuesday,10
ORD-11426,2025-08-19 11:00:00,CUST-342,4K Ultra HD Smart Monitor 27in,Electronics,1,450.0,Middle East,Credit Card,450.0,2025,8,2025-08,Aug,2025Q3,Tuesday,11
ORD-10149,2025-08-19 13:00:00,CUST-881,HD Webcam 1080p,Electronics,1,69.99,North America,Crypto,69.99,2025,8,2025-08,Aug,2025Q3,Tuesday,13
ORD-10553,2025-08-19 14:00:00,CUST-278,Ergonomic Office Chair,Furniture,2,349.99,Middle East,Credit Card,699.98,2025,8,2025-08,Aug,2025Q3,Tuesday,14
ORD-10068,2025-08-19 19:00:00,CUST-398,Bluetooth Portable Speaker,Audio & Accessories,1,89.99,North America,PayPal,89.99,2025,8,2025-08,Aug,2025Q3,Tuesday,19
ORD-10124,2025-08-19 20:00:00,CUST-292,Espresso Coffee Machine,Home & Kitchen,1,499.0,Asia-Pacific,Crypto,499.0,2025,8,2025-08,Aug,2025Q3,Tuesday,20
ORD-10277,2025-08-20 00:00:00,CUST-355,UltraBook Pro 15,Electronics,3,1299.99,North America,Debit Card,3899.97,2025,8,2025-08,Aug,2025Q3,Wednesday,0
ORD-10655,2025-08-20 00:00:00,CUST-851,UltraBook Pro 15,Electronics,1,1299.99,Middle East,PayPal,1299.99,2025,8,2025-08,Aug,2025Q3,Wednesday,0
ORD-10951,2025-08-20 00:00:00,CUST-658,Smart LED Desk Lamp,Home & Kitchen,3,39.99,Asia-Pacific,Debit Card,119.97,2025,8,2025-08,Aug,2025Q3,Wednesday,0
ORD-10452,2025-08-20 00:00:00,CUST-100,Espresso Coffee Machine,Home & Kitchen,2,499.0,North America,Bank Transfer,998.0,2025,8,2025-08,Aug,2025Q3,Wednesday,0
ORD-10900,2025-08-20 14:00:00,CUST-785,Standing Desk Converter,Furniture,1,220.0,Asia-Pacific,PayPal,220.0,2025,8,2025-08,Aug,2025Q3,Wednesday,14
ORD-10571,2025-08-20 15:00:00,CUST-949,Wireless Noise-Canceling Headphones,Audio & Accessories,4,249.5,North America,Debit Card,998.0,2025,8,2025-08,Aug,2025Q3,Wednesday,15
ORD-10186,2025-08-21 00:00:00,CUST-482,Mechanical Gaming Keyboard,Electronics,4,119.0,Latin America,Crypto,476.0,2025,8,2025-08,Aug,2025Q3,Thursday,0
ORD-11276,2025-08-21 12:00:00,CUST-231,Ergonomic Office Chair,Furniture,1,349.99,Asia-Pacific,Credit Card,349.99,2025,8,2025-08,Aug,2025Q3,Thursday,12
ORD-11131,2025-08-22 08:00:00,CUST-516,Stainless Steel Water Bottle,Home & Kitchen,2,25.0,Middle East,Bank Transfer,50.0,2025,8,2025-08,Aug,2025Q3,Friday,8
ORD-10329,2025-08-22 19:00:00,CUST-636,Wireless Vertical Mouse,Electronics,1,49.99,Asia-Pacific,Debit Card,49.99,2025,8,2025-08,Aug,2025Q3,Friday,19
ORD-11150,2025-08-23 00:00:00,CUST-888,Smart LED Desk Lamp,Home & Kitchen,3,39.99,Middle East,Bank Transfer,119.97,2025,8,2025-08,Aug,2025Q3,Saturday,0
ORD-10467,2025-08-23 00:00:00,CUST-122,Ergonomic Office Chair,Furniture,5,349.99,North America,PayPal,1749.95,2025,8,2025-08,Aug,2025Q3,Saturday,0
ORD-10477,2025-08-23 11:00:00,CUST-894,Espresso Coffee Machine,Home & Kitchen,2,499.0,North America,Crypto,998.0,2025,8,2025-08,Aug,2025Q3,Saturday,11
ORD-10665,2025-08-24 19:00:00,CUST-773,Wireless Noise-Canceling Headphones,Audio & Accessories,1,249.5,Middle East,Debit Card,249.5,2025,8,2025-08,Aug,2025Q3,Sunday,19
ORD-10963,2025-08-25 00:00:00,CUST-127,Standing Desk Converter,Furniture,2,220.0,Latin America,Credit Card,440.0,2025,8,2025-08,Aug,2025Q3,Monday,0
ORD-10511,2025-08-25 14:00:00,CUST-344,Smart LED Desk Lamp,Home & Kitchen,2,39.99,Middle East,PayPal,79.98,2025,8,2025-08,Aug,2025Q3,Monday,14
ORD-11114,2025-08-25 16:00:00,CUST-922,Smart LED Desk Lamp,Home & Kitchen,3,39.99,Middle East,Bank Transfer,119.97,2025,8,2025-08,Aug,2025Q3,Monday,16
ORD-10588,2025-08-26 11:00:00,CUST-102,USB-C Multi-Port Hub,Audio & Accessories,1,45.0,Europe,Bank Transfer,45.0,2025,8,2025-08,Aug,2025Q3,Tuesday,11
ORD-11234,2025-08-26 13:00:00,CUST-781,USB-C Multi-Port Hub,Audio & Accessories,3,45.0,Latin America,PayPal,135.0,2025,8,2025-08,Aug,2025Q3,Tuesday,13
ORD-11262,2025-08-26 15:00:00,CUST-855,Standing Desk Converter,Furniture,1,220.0,Latin America,Debit Card,220.0,2025,8,2025-08,Aug,2025Q3,Tuesday,15
ORD-10313,2025-08-26 16:00:00,CUST-226,4K Ultra HD Smart Monitor 27in,Electronics,8,450.0,North America,PayPal,3600.0,2025,8,2025-08,Aug,2025Q3,Tuesday,16
ORD-10058,2025-08-26 17:00:00,CUST-488,USB-C Multi-Port Hub,Audio & Accessories,1,45.0,Asia-Pacific,Credit Card,45.0,2025,8,2025-08,Aug,2025Q3,Tuesday,17
ORD-10555,2025-08-26 20:00:00,CUST-313,Bluetooth Portable Speaker,Audio & Accessories,2,89.99,Asia-Pacific,Credit Card,179.98,2025,8,2025-08,Aug,2025Q3,Tuesday,20
ORD-10121,2025-08-26 20:00:00,CUST-693,Smart LED Desk Lamp,Home & Kitchen,6,39.99,Latin America,Crypto,239.94,2025,8,2025-08,Aug,2025Q3,Tuesday,20
ORD-11294,2025-08-27 14:00:00,CUST-113,Standing Desk Converter,Furniture,4,220.0,Middle East,Credit Card,880.0,2025,8,2025-08,Aug,2025Q3,Wednesday,14
ORD-11144,2025-08-28 11:00:00,CUST-441,Ergonomic Office Chair,Furniture,1,349.99,Europe,Bank Transfer,349.99,2025,8,2025-08,Aug,2025Q3,Thursday,11
ORD-11495,2025-08-28 15:00:00,CUST-453,Stainless Steel Water Bottle,Home & Kitchen,3,25.0,Latin America,Credit Card,75.0,2025,8,2025-08,Aug,2025Q3,Thursday,15
ORD-10525,2025-08-29 00:00:00,CUST-531,USB-C Multi-Port Hub,Audio & Accessories,2,45.0,Asia-Pacific,Bank Transfer,90.0,2025,8,2025-08,Aug,2025Q3,Friday,0
ORD-10672,2025-08-29 13:00:00,CUST-619,4K Ultra HD Smart Monitor 27in,Electronics,1,450.0,Europe,Crypto,450.0,2025,8,2025-08,Aug,2025Q3,Friday,13
ORD-11017,2025-08-29 19:00:00,CUST-UNKNOWN,Bluetooth Portable Speaker,Audio & Accessories,2,89.99,North America,Debit Card,179.98,2025,8,2025-08,Aug,2025Q3,Friday,19
ORD-10475,2025-08-29 19:00:00,CUST-288,Bluetooth Portable Speaker,Audio & Accessories,12,89.99,Latin America,Debit Card,1079.88,2025,8,2025-08,Aug,2025Q3,Friday,19
ORD-10191,2025-08-30 08:00:00,CUST-284,Wireless Noise-Canceling Headphones,Audio & Accessories,6,249.5,Europe,Debit Card,1497.0,2025,8,2025-08,Aug,2025Q3,Saturday,8
ORD-10284,2025-08-30 16:00:00,CUST-698,UltraBook Pro 15,Electronics,3,1299.99,Europe,PayPal,3899.97,2025,8,2025-08,Aug,2025Q3,Saturday,16
ORD-11054,2025-08-31 08:00:00,CUST-283,Mechanical Gaming Keyboard,Electronics,15,119.0,Europe,Debit Card,1785.0,2025,8,2025-08,Aug,2025Q3,Sunday,8
ORD-11243,2025-08-31 14:00:00,CUST-885,Smart LED Desk Lamp,Home & Kitchen,5,39.99,North America,Crypto,199.95,2025,8,2025-08,Aug,2025Q3,Sunday,14
ORD-10167,2025-08-31 16:00:00,CUST-720,Mechanical Gaming Keyboard,Electronics,1,119.0,Middle East,PayPal,119.0,2025,8,2025-08,Aug,2025Q3,Sunday,16
ORD-11092,2025-08-31 19:00:00,CUST-647,USB-C Multi-Port Hub,Audio & Accessories,3,45.0,Asia-Pacific,Credit Card,135.0,2025,8,2025-08,Aug,2025Q3,Sunday,19
ORD-10060,2025-09-01 00:00:00,CUST-558,Smart LED Desk Lamp,Home & Kitchen,2,39.99,North America,Credit Card,79.98,2025,9,2025-09,Sep,2025Q3,Monday,0
ORD-10797,2025-09-01 00:00:00,CUST-202,Standing Desk Converter,Furniture,2,220.0,Latin America,Bank Transfer,440.0,2025,9,2025-09,Sep,2025Q3,Monday,0
ORD-10213,2025-09-01 12:00:00,CUST-176,Espresso Coffee Machine,Home & Kitchen,1,499.0,Asia-Pacific,Crypto,499.0,2025,9,2025-09,Sep,2025Q3,Monday,12
ORD-10045,2025-09-01 15:00:00,CUST-353,USB-C Multi-Port Hub,Audio & Accessories,3,45.0,Asia-Pacific,Crypto,135.0,2025,9,2025-09,Sep,2025Q3,Monday,15
ORD-10605,2025-09-01 18:00:00,CUST-113,Noise-Isolating Earbuds,Audio & Accessories,2,29.99,Latin America,Credit Card,59.98,2025,9,2025-09,Sep,2025Q3,Monday,18
ORD-11427,2025-09-01 19:00:00,CUST-271,Smart LED Desk Lamp,Home & Kitchen,8,39.99,North America,Debit Card,319.92,2025,9,2025-09,Sep,2025Q3,Monday,19
ORD-10065,2025-09-02 00:00:00,CUST-510,UltraBook Pro 15,Electronics,2,1299.99,Latin America,Credit Card,2599.98,2025,9,2025-09,Sep,2025Q3,Tuesday,0
ORD-10327,2025-09-02 14:00:00,CUST-646,Standing Desk Converter,Furniture,3,220.0,Europe,Bank Transfer,660.0,2025,9,2025-09,Sep,2025Q3,Tuesday,14
ORD-10395,2025-09-02 20:00:00,CUST-979,HD Webcam 1080p,Electronics,7,69.99,North America,Unspecified,489.93,2025,9,2025-09,Sep,2025Q3,Tuesday,20
ORD-10867,2025-09-03 10:00:00,CUST-656,Mechanical Gaming Keyboard,Electronics,1,119.0,Asia-Pacific,Crypto,119.0,2025,9,2025-09,Sep,2025Q3,Wednesday,10
ORD-10176,2025-09-03 11:00:00,CUST-651,USB-C Multi-Port Hub,Audio & Accessories,3,45.0,Asia-Pacific,Crypto,135.0,2025,9,2025-09,Sep,2025Q3,Wednesday,11
ORD-10299,2025-09-03 11:00:00,CUST-311,Stainless Steel Water Bottle,Home & Kitchen,1,25.0,Europe,Bank Transfer,25.0,2025,9,2025-09,Sep,2025Q3,Wednesday,11
ORD-11319,2025-09-03 20:00:00,CUST-779,Smart LED Desk Lamp,Home & Kitchen,1,39.99,Latin America,Debit Card,39.99,2025,9,2025-09,Sep,2025Q3,Wednesday,20
ORD-10874,2025-09-04 00:00:00,CUST-716,Smart Fitness Watch V2,Electronics,1,199.95,Asia-Pacific,PayPal,199.95,2025,9,2025-09,Sep,2025Q3,Thursday,0
ORD-11089,2025-09-04 08:00:00,CUST-531,Standing Desk Converter,Furniture,1,220.0,Europe,PayPal,220.0,2025,9,2025-09,Sep,2025Q3,Thursday,8
ORD-10335,2025-09-04 13:00:00,CUST-113,Ergonomic Office Chair,Furniture,1,349.99,North America,Credit Card,349.99,2025,9,2025-09,Sep,2025Q3,Thursday,13
ORD-10411,2025-09-04 13:00:00,CUST-604,Bluetooth Portable Speaker,Audio & Accessories,7,89.99,Middle East,Bank Transfer,629.93,2025,9,2025-09,Sep,2025Q3,Thursday,13
ORD-11441,2025-09-04 20:00:00,CUST-902,Wireless Noise-Canceling Headphones,Audio & Accessories,1,249.5,Middle East,Unspecified,249.5,2025,9,2025-09,Sep,2025Q3,Thursday,20
ORD-10501,2025-09-05 00:00:00,CUST-417,Ergonomic Office Chair,Furniture,2,349.99,Asia-Pacific,PayPal,699.98,2025,9,2025-09,Sep,2025Q3,Friday,0
ORD-10886,2025-09-05 08:00:00,CUST-195,HD Webcam 1080p,Electronics,3,69.99,Asia-Pacific,Credit Card,209.97,2025,9,2025-09,Sep,2025Q3,Friday,8
ORD-10854,2025-09-05 14:00:00,CUST-615,Noise-Isolating Earbuds,Audio & Accessories,1,29.99,North America,PayPal,29.99,2025,9,2025-09,Sep,2025Q3,Friday,14
ORD-11124,2025-09-05 14:00:00,CUST-166,Bluetooth Portable Speaker,Audio & Accessories,3,89.99,Asia-Pacific,PayPal,269.97,2025,9,2025-09,Sep,2025Q3,Friday,14
ORD-10057,2025-09-05 15:00:00,CUST-848,Smart LED Desk Lamp,Home & Kitchen,1,39.99,Middle East,Bank Transfer,39.99,2025,9,2025-09,Sep,2025Q3,Friday,15
ORD-10340,2025-09-05 20:00:00,CUST-548,Standing Desk Converter,Furniture,2,220.0,Europe,Crypto,440.0,2025,9,2025-09,Sep,2025Q3,Friday,20
ORD-11397,2025-09-05 20:00:00,CUST-814,Ergonomic Office Chair,Furniture,1,349.99,North America,PayPal,349.99,2025,9,2025-09,Sep,2025Q3,Friday,20
ORD-10695,2025-09-06 00:00:00,CUST-245,Smart Fitness Watch V2,Electronics,3,199.95,Middle East,Debit Card,599.85,2025,9,2025-09,Sep,2025Q3,Saturday,0
ORD-10594,2025-09-06 14:00:00,CUST-266,4K Ultra HD Smart Monitor 27in,Electronics,6,450.0,North America,PayPal,2700.0,2025,9,2025-09,Sep,2025Q3,Saturday,14
ORD-10114,2025-09-06 17:00:00,CUST-379,USB-C Multi-Port Hub,Audio & Accessories,3,45.0,Europe,Crypto,135.0,2025,9,2025-09,Sep,2025Q3,Saturday,17
ORD-10311,2025-09-06 20:00:00,CUST-482,Noise-Isolating Earbuds,Audio & Accessories,1,29.99,North America,Crypto,29.99,2025,9,2025-09,Sep,2025Q3,Saturday,20
ORD-10925,2025-09-07 00:00:00,CUST-533,Ergonomic Office Chair,Furniture,1,349.99,Middle East,Bank Transfer,349.99,2025,9,2025-09,Sep,2025Q3,Sunday,0
ORD-10513,2025-09-07 09:00:00,CUST-574,Espresso Coffee Machine,Home & Kitchen,5,499.0,Asia-Pacific,Crypto,2495.0,2025,9,2025-09,Sep,2025Q3,Sunday,9
ORD-11130,2025-09-07 12:00:00,CUST-695,HD Webcam 1080p,Electronics,3,69.99,Latin America,Credit Card,209.97,2025,9,2025-09,Sep,2025Q3,Sunday,12
ORD-10379,2025-09-07 16:00:00,CUST-761,Smart Fitness Watch V2,Electronics,1,199.95,Middle East,Credit Card,199.95,2025,9,2025-09,Sep,2025Q3,Sunday,16
ORD-10290,2025-09-07 18:00:00,CUST-824,Standing Desk Converter,Furniture,1,220.0,Middle East,Crypto,220.0,2025,9,2025-09,Sep,2025Q3,Sunday,18
ORD-11145,2025-09-07 20:00:00,CUST-641,Standing Desk Converter,Furniture,5,220.0,North America,Crypto,1100.0,2025,9,2025-09,Sep,2025Q3,Sunday,20
ORD-11180,2025-09-07 20:00:00,CUST-635,Espresso Coffee Machine,Home & Kitchen,8,499.0,North America,Credit Card,3992.0,2025,9,2025-09,Sep,2025Q3,Sunday,20
ORD-10056,2025-09-08 09:00:00,CUST-470,UltraBook Pro 15,Electronics,1,1299.99,Latin America,PayPal,1299.99,2025,9,2025-09,Sep,2025Q3,Monday,9
ORD-10827,2025-09-08 09:00:00,CUST-817,HD Webcam 1080p,Electronics,1,69.99,Middle East,Bank Transfer,69.99,2025,9,2025-09,Sep,2025Q3,Monday,9
ORD-11035,2025-09-08 17:00:00,CUST-340,Wireless Vertical Mouse,Electronics,3,49.99,North America,Bank Transfer,149.97,2025,9,2025-09,Sep,2025Q3,Monday,17
ORD-11047,2025-09-08 17:00:00,CUST-244,Mechanical Gaming Keyboard,Electronics,1,119.0,Latin America,Crypto,119.0,2025,9,2025-09,Sep,2025Q3,Monday,17
ORD-10539,2025-09-09 11:00:00,CUST-282,Mechanical Gaming Keyboard,Electronics,1,119.0,Latin America,Credit Card,119.0,2025,9,2025-09,Sep,2025Q3,Tuesday,11
ORD-11106,2025-09-09 11:00:00,CUST-650,4K Ultra HD Smart Monitor 27in,Electronics,2,450.0,Europe,Debit Card,900.0,2025,9,2025-09,Sep,2025Q3,Tuesday,11
ORD-11370,2025-09-09 14:00:00,CUST-515,Ergonomic Office Chair,Furniture,9,349.99,Latin America,PayPal,3149.91,2025,9,2025-09,Sep,2025Q3,Tuesday,14
ORD-10705,2025-09-10 00:00:00,CUST-494,HD Webcam 1080p,Electronics,11,69.99,North America,Bank Transfer,769.89,2025,9,2025-09,Sep,2025Q3,Wednesday,0
ORD-11364,2025-09-10 09:00:00,CUST-570,Mechanical Gaming Keyboard,Electronics,4,119.0,Asia-Pacific,Crypto,476.0,2025,9,2025-09,Sep,2025Q3,Wednesday,9
ORD-11027,2025-09-10 12:00:00,CUST-240,USB-C Multi-Port Hub,Audio & Accessories,5,45.0,Asia-Pacific,Credit Card,225.0,2025,9,2025-09,Sep,2025Q3,Wednesday,12
ORD-10875,2025-09-10 16:00:00,CUST-335,USB-C Multi-Port Hub,Audio & Accessories,1,45.0,Latin America,Credit Card,45.0,2025,9,2025-09,Sep,2025Q3,Wednesday,16
ORD-10074,2025-09-11 00:00:00,CUST-510,Smart Fitness Watch V2,Electronics,3,199.95,Middle East,Credit Card,599.85,2025,9,2025-09,Sep,2025Q3,Thursday,0
ORD-11181,2025-09-11 00:00:00,CUST-531,Wireless Vertical Mouse,Electronics,1,49.99,North America,Credit Card,49.99,2025,9,2025-09,Sep,2025Q3,Thursday,0
ORD-10180,2025-09-11 00:00:00,CUST-UNKNOWN,Wireless Vertical Mouse,Electronics,1,49.99,Asia-Pacific,Credit Card,49.99,2025,9,2025-09,Sep,2025Q3,Thursday,0
ORD-11218,2025-09-11 11:00:00,CUST-727,Wireless Noise-Canceling Headphones,Audio & Accessories,3,249.5,North America,Credit Card,748.5,2025,9,2025-09,Sep,2025Q3,Thursday,11
ORD-10241,2025-09-11 16:00:00,CUST-686,HD Webcam 1080p,Electronics,8,69.99,North America,Bank Transfer,559.92,2025,9,2025-09,Sep,2025Q3,Thursday,16
ORD-11266,2025-09-11 20:00:00,CUST-602,Ergonomic Office Chair,Furniture,2,349.99,North America,Bank Transfer,699.98,2025,9,2025-09,Sep,2025Q3,Thursday,20
ORD-10145,2025-09-12 00:00:00,CUST-631,Mechanical Gaming Keyboard,Electronics,1,119.0,Asia-Pacific,Credit Card,119.0,2025,9,2025-09,Sep,2025Q3,Friday,0
ORD-10982,2025-09-12 00:00:00,CUST-684,Espresso Coffee Machine,Home & Kitchen,1,499.0,Latin America,Crypto,499.0,2025,9,2025-09,Sep,2025Q3,Friday,0
ORD-10280,2025-09-12 08:00:00,CUST-536,Wireless Vertical Mouse,Electronics,6,49.99,Europe,Bank Transfer,299.94,2025,9,2025-09,Sep,2025Q3,Friday,8
ORD-11210,2025-09-12 11:00:00,CUST-727,Mechanical Gaming Keyboard,Electronics,2,119.0,Asia-Pacific,Debit Card,238.0,2025,9,2025-09,Sep,2025Q3,Friday,11
ORD-10892,2025-09-13 09:00:00,CUST-273,Smart LED Desk Lamp,Home & Kitchen,5,39.99,Asia-Pacific,PayPal,199.95,2025,9,2025-09,Sep,2025Q3,Saturday,9
ORD-11088,2025-09-13 11:00:00,CUST-409,Stainless Steel Water Bottle,Home & Kitchen,11,25.0,Latin America,Credit Card,275.0,2025,9,2025-09,Sep,2025Q3,Saturday,11
ORD-10212,2025-09-13 14:00:00,CUST-439,Espresso Coffee Machine,Home & Kitchen,3,499.0,Middle East,Credit Card,1497.0,2025,9,2025-09,Sep,2025Q3,Saturday,14
ORD-11125,2025-09-13 15:00:00,CUST-753,Smart LED Desk Lamp,Home & Kitchen,2,39.99,North America,Unspecified,79.98,2025,9,2025-09,Sep,2025Q3,Saturday,15
ORD-10786,2025-09-14 00:00:00,CUST-491,4K Ultra HD Smart Monitor 27in,Electronics,3,450.0,Middle East,Bank Transfer,1350.0,2025,9,2025-09,Sep,2025Q3,Sunday,0
ORD-11353,2025-09-15 15:00:00,CUST-137,Noise-Isolating Earbuds,Audio & Accessories,3,29.99,Europe,Credit Card,89.97,2025,9,2025-09,Sep,2025Q3,Monday,15
ORD-10133,2025-09-15 16:00:00,CUST-265,4K Ultra HD Smart Monitor 27in,Electronics,1,450.0,Europe,Crypto,450.0,2025,9,2025-09,Sep,2025Q3,Monday,16
ORD-10846,2025-09-15 17:00:00,CUST-975,Wireless Noise-Canceling Headphones,Audio & Accessories,1,249.5,Middle East,PayPal,249.5,2025,9,2025-09,Sep,2025Q3,Monday,17
ORD-10798,2025-09-16 08:00:00,CUST-915,Smart LED Desk Lamp,Home & Kitchen,3,39.99,North America,Bank Transfer,119.97,2025,9,2025-09,Sep,2025Q3,Tuesday,8
ORD-11384,2025-09-16 12:00:00,CUST-641,Ergonomic Office Chair,Furniture,3,349.99,Middle East,Crypto,1049.97,2025,9,2025-09,Sep,2025Q3,Tuesday,12
ORD-10392,2025-09-16 18:00:00,CUST-253,Mechanical Gaming Keyboard,Electronics,2,119.0,Middle East,Credit Card,238.0,2025,9,2025-09,Sep,2025Q3,Tuesday,18
ORD-10621,2025-09-16 20:00:00,CUST-779,Stainless Steel Water Bottle,Home & Kitchen,1,25.0,Middle East,Bank Transfer,25.0,2025,9,2025-09,Sep,2025Q3,Tuesday,20
ORD-10911,2025-09-17 12:00:00,CUST-774,Smart Fitness Watch V2,Electronics,1,199.95,Asia-Pacific,Bank Transfer,199.95,2025,9,2025-09,Sep,2025Q3,Wednesday,12
ORD-11028,2025-09-17 13:00:00,CUST-745,Wireless Noise-Canceling Headphones,Audio & Accessories,1,249.5,Middle East,Credit Card,249.5,2025,9,2025-09,Sep,2025Q3,Wednesday,13
ORD-10266,2025-09-18 08:00:00,CUST-983,Wireless Noise-Canceling Headphones,Audio & Accessories,3,249.5,North America,PayPal,748.5,2025,9,2025-09,Sep,2025Q3,Thursday,8
ORD-11251,2025-09-18 09:00:00,CUST-231,Stainless Steel Water Bottle,Home & Kitchen,2,25.0,North America,PayPal,50.0,2025,9,2025-09,Sep,2025Q3,Thursday,9
ORD-10129,2025-09-18 13:00:00,CUST-416,Bluetooth Portable Speaker,Audio & Accessories,2,89.99,Europe,PayPal,179.98,2025,9,2025-09,Sep,2025Q3,Thursday,13
ORD-11323,2025-09-18 14:00:00,CUST-873,HD Webcam 1080p,Electronics,1,69.99,Europe,PayPal,69.99,2025,9,2025-09,Sep,2025Q3,Thursday,14
ORD-11133,2025-09-18 15:00:00,CUST-283,USB-C Multi-Port Hub,Audio & Accessories,1,45.0,North America,Debit Card,45.0,2025,9,2025-09,Sep,2025Q3,Thursday,15
ORD-11437,2025-09-18 17:00:00,CUST-175,Ergonomic Office Chair,Furniture,3,349.99,Europe,Crypto,1049.97,2025,9,2025-09,Sep,2025Q3,Thursday,17
ORD-10483,2025-09-19 00:00:00,CUST-487,Espresso Coffee Machine,Home & Kitchen,3,499.0,Middle East,Debit Card,1497.0,2025,9,2025-09,Sep,2025Q3,Friday,0
ORD-11288,2025-09-19 08:00:00,CUST-321,Wireless Vertical Mouse,Electronics,1,49.99,Europe,Bank Transfer,49.99,2025,9,2025-09,Sep,2025Q3,Friday,8
ORD-10382,2025-09-19 09:00:00,CUST-614,Mechanical Gaming Keyboard,Electronics,3,119.0,North America,PayPal,357.0,2025,9,2025-09,Sep,2025Q3,Friday,9
ORD-11117,2025-09-19 18:00:00,CUST-538,Smart Fitness Watch V2,Electronics,5,199.95,North America,Credit Card,999.75,2025,9,2025-09,Sep,2025Q3,Friday,18
ORD-10354,2025-09-20 00:00:00,CUST-660,Espresso Coffee Machine,Home & Kitchen,1,499.0,Asia-Pacific,Crypto,499.0,2025,9,2025-09,Sep,2025Q3,Saturday,0
ORD-10670,2025-09-20 00:00:00,CUST-794,4K Ultra HD Smart Monitor 27in,Electronics,1,450.0,Latin America,PayPal,450.0,2025,9,2025-09,Sep,2025Q3,Saturday,0
ORD-10245,2025-09-21 00:00:00,CUST-238,HD Webcam 1080p,Electronics,7,69.99,Latin America,Credit Card,489.93,2025,9,2025-09,Sep,2025Q3,Sunday,0
ORD-10183,2025-09-21 13:00:00,CUST-785,Standing Desk Converter,Furniture,5,220.0,North America,Unspecified,1100.0,2025,9,2025-09,Sep,2025Q3,Sunday,13
ORD-11136,2025-09-22 00:00:00,CUST-907,Stainless Steel Water Bottle,Home & Kitchen,5,25.0,Latin America,Bank Transfer,125.0,2025,9,2025-09,Sep,2025Q3,Monday,0
ORD-10430,2025-09-22 00:00:00,CUST-727,4K Ultra HD Smart Monitor 27in,Electronics,1,450.0,Asia-Pacific,Bank Transfer,450.0,2025,9,2025-09,Sep,2025Q3,Monday,0
ORD-10268,2025-09-22 00:00:00,CUST-170,Noise-Isolating Earbuds,Audio & Accessories,2,29.99,Latin America,Bank Transfer,59.98,2025,9,2025-09,Sep,2025Q3,Monday,0
ORD-10914,2025-09-22 10:00:00,CUST-201,Standing Desk Converter,Furniture,2,220.0,Europe,Crypto,440.0,2025,9,2025-09,Sep,2025Q3,Monday,10
ORD-10303,2025-09-22 20:00:00,CUST-735,Espresso Coffee Machine,Home & Kitchen,3,499.0,Europe,Credit Card,1497.0,2025,9,2025-09,Sep,2025Q3,Monday,20
ORD-10150,2025-09-23 00:00:00,CUST-220,Wireless Noise-Canceling Headphones,Audio & Accessories,6,249.5,Asia-Pacific,Bank Transfer,1497.0,2025,9,2025-09,Sep,2025Q3,Tuesday,0
ORD-10965,2025-09-23 00:00:00,CUST-186,Smart LED Desk Lamp,Home & Kitchen,2,39.99,North America,Bank Transfer,79.98,2025,9,2025-09,Sep,2025Q3,Tuesday,0
ORD-11169,2025-09-23 12:00:00,CUST-474,Stainless Steel Water Bottle,Home & Kitchen,1,25.0,Latin America,Credit Card,25.0,2025,9,2025-09,Sep,2025Q3,Tuesday,12
ORD-10402,2025-09-23 12:00:00,CUST-902,Ergonomic Office Chair,Furniture,2,349.99,Middle East,Unspecified,699.98,2025,9,2025-09,Sep,2025Q3,Tuesday,12
ORD-10740,2025-09-23 15:00:00,CUST-829,Bluetooth Portable Speaker,Audio & Accessories,2,89.99,Asia-Pacific,Crypto,179.98,2025,9,2025-09,Sep,2025Q3,Tuesday,15
ORD-10272,2025-09-24 00:00:00,CUST-481,UltraBook Pro 15,Electronics,5,1299.99,Latin America,Credit Card,6499.95,2025,9,2025-09,Sep,2025Q3,Wednesday,0
ORD-11481,2025-09-24 00:00:00,CUST-674,Stainless Steel Water Bottle,Home & Kitchen,1,25.0,North America,Bank Transfer,25.0,2025,9,2025-09,Sep,2025Q3,Wednesday,0
ORD-11359,2025-09-24 13:00:00,CUST-513,UltraBook Pro 15,Electronics,3,1299.99,Asia-Pacific,Crypto,3899.97,2025,9,2025-09,Sep,2025Q3,Wednesday,13
ORD-11029,2025-09-24 13:00:00,CUST-671,Noise-Isolating Earbuds,Audio & Accessories,5,29.99,North America,Credit Card,149.95,2025,9,2025-09,Sep,2025Q3,Wednesday,13
ORD-11165,2025-09-24 16:00:00,CUST-373,USB-C Multi-Port Hub,Audio & Accessories,4,45.0,Europe,Bank Transfer,180.0,2025,9,2025-09,Sep,2025Q3,Wednesday,16
ORD-10317,2025-09-24 17:00:00,CUST-204,USB-C Multi-Port Hub,Audio & Accessories,1,45.0,North America,Crypto,45.0,2025,9,2025-09,Sep,2025Q3,Wednesday,17
ORD-10610,2025-09-24 20:00:00,CUST-577,Wireless Noise-Canceling Headphones,Audio & Accessories,1,249.5,Europe,Bank Transfer,249.5,2025,9,2025-09,Sep,2025Q3,Wednesday,20
ORD-11489,2025-09-25 00:00:00,CUST-553,Mechanical Gaming Keyboard,Electronics,2,119.0,Latin America,PayPal,238.0,2025,9,2025-09,Sep,2025Q3,Thursday,0
ORD-10306,2025-09-25 20:00:00,CUST-524,Espresso Coffee Machine,Home & Kitchen,2,499.0,Europe,PayPal,998.0,2025,9,2025-09,Sep,2025Q3,Thursday,20
ORD-11352,2025-09-26 00:00:00,CUST-632,Bluetooth Portable Speaker,Audio & Accessories,2,89.99,Asia-Pacific,Crypto,179.98,2025,9,2025-09,Sep,2025Q3,Friday,0
ORD-10207,2025-09-26 00:00:00,CUST-176,Stainless Steel Water Bottle,Home & Kitchen,3,25.0,North America,Credit Card,75.0,2025,9,2025-09,Sep,2025Q3,Friday,0
ORD-10788,2025-09-26 00:00:00,CUST-850,Smart LED Desk Lamp,Home & Kitchen,2,39.99,Latin America,PayPal,79.98,2025,9,2025-09,Sep,2025Q3,Friday,0
ORD-11161,2025-09-26 10:00:00,CUST-115,Smart LED Desk Lamp,Home & Kitchen,1,39.99,Asia-Pacific,PayPal,39.99,2025,9,2025-09,Sep,2025Q3,Friday,10
ORD-11217,2025-09-26 10:00:00,CUST-797,Standing Desk Converter,Furniture,3,220.0,North America,PayPal,660.0,2025,9,2025-09,Sep,2025Q3,Friday,10
ORD-11206,2025-09-26 12:00:00,CUST-720,USB-C Multi-Port Hub,Audio & Accessories,3,45.0,North America,Crypto,135.0,2025,9,2025-09,Sep,2025Q3,Friday,12
ORD-10629,2025-09-26 12:00:00,CUST-192,Wireless Vertical Mouse,Electronics,1,49.99,Europe,Crypto,49.99,2025,9,2025-09,Sep,2025Q3,Friday,12
ORD-10857,2025-09-26 12:00:00,CUST-325,USB-C Multi-Port Hub,Audio & Accessories,2,45.0,Asia-Pacific,Bank Transfer,90.0,2025,9,2025-09,Sep,2025Q3,Friday,12
ORD-10586,2025-09-26 13:00:00,CUST-UNKNOWN,USB-C Multi-Port Hub,Audio & Accessories,1,45.0,Latin America,Credit Card,45.0,2025,9,2025-09,Sep,2025Q3,Friday,13
ORD-11340,2025-09-26 13:00:00,CUST-611,Standing Desk Converter,Furniture,1,220.0,Middle East,Crypto,220.0,2025,9,2025-09,Sep,2025Q3,Friday,13
ORD-10974,2025-09-26 14:00:00,CUST-278,Smart Fitness Watch V2,Electronics,1,199.95,Europe,Bank Transfer,199.95,2025,9,2025-09,Sep,2025Q3,Friday,14
ORD-11022,2025-09-26 17:00:00,CUST-536,HD Webcam 1080p,Electronics,6,69.99,Asia-Pacific,Bank Transfer,419.94,2025,9,2025-09,Sep,2025Q3,Friday,17
ORD-10523,2025-09-27 00:00:00,CUST-576,Mechanical Gaming Keyboard,Electronics,5,119.0,Middle East,Credit Card,595.0,2025,9,2025-09,Sep,2025Q3,Saturday,0
ORD-10595,2025-09-27 00:00:00,CUST-819,HD Webcam 1080p,Electronics,2,69.99,North America,Debit Card,139.98,2025,9,2025-09,Sep,2025Q3,Saturday,0
ORD-11448,2025-09-27 10:00:00,CUST-162,Smart LED Desk Lamp,Home & Kitchen,7,39.99,Asia-Pacific,Credit Card,279.93,2025,9,2025-09,Sep,2025Q3,Saturday,10
ORD-10282,2025-09-27 11:00:00,CUST-921,Stainless Steel Water Bottle,Home & Kitchen,2,25.0,Middle East,Credit Card,50.0,2025,9,2025-09,Sep,2025Q3,Saturday,11
ORD-10976,2025-09-27 12:00:00,CUST-431,Bluetooth Portable Speaker,Audio & Accessories,3,89.99,Middle East,Crypto,269.97,2025,9,2025-09,Sep,2025Q3,Saturday,12
ORD-10491,2025-09-28 09:00:00,CUST-805,Espresso Coffee Machine,Home & Kitchen,3,499.0,Middle East,Bank Transfer,1497.0,2025,9,2025-09,Sep,2025Q3,Sunday,9
ORD-11452,2025-09-28 14:00:00,CUST-417,Mechanical Gaming Keyboard,Electronics,5,119.0,Asia-Pacific,Credit Card,595.0,2025,9,2025-09,Sep,2025Q3,Sunday,14
ORD-11449,2025-09-28 19:00:00,CUST-740,Noise-Isolating Earbuds,Audio & Accessories,3,29.99,Asia-Pacific,PayPal,89.97,2025,9,2025-09,Sep,2025Q3,Sunday,19
ORD-11012,2025-09-28 20:00:00,CUST-583,Bluetooth Portable Speaker,Audio & Accessories,7,89.99,Middle East,Crypto,629.93,2025,9,2025-09,Sep,2025Q3,Sunday,20
ORD-11061,2025-09-29 00:00:00,CUST-962,Wireless Vertical Mouse,Electronics,10,49.99,Europe,PayPal,499.9,2025,9,2025-09,Sep,2025Q3,Monday,0
ORD-10012,2025-09-29 08:00:00,CUST-600,Mechanical Gaming Keyboard,Electronics,5,119.0,North America,Credit Card,595.0,2025,9,2025-09,Sep,2025Q3,Monday,8
ORD-10061,2025-09-29 13:00:00,CUST-863,Smart Fitness Watch V2,Electronics,1,199.95,Middle East,Bank Transfer,199.95,2025,9,2025-09,Sep,2025Q3,Monday,13
ORD-10044,2025-09-29 16:00:00,CUST-873,Smart LED Desk Lamp,Home & Kitchen,1,39.99,Latin America,Crypto,39.99,2025,9,2025-09,Sep,2025Q3,Monday,16
ORD-11132,2025-09-30 11:00:00,CUST-794,Stainless Steel Water Bottle,Home & Kitchen,1,25.0,Middle East,Crypto,25.0,2025,9,2025-09,Sep,2025Q3,Tuesday,11
ORD-10623,2025-09-30 20:00:00,CUST-887,4K Ultra HD Smart Monitor 27in,Electronics,2,450.0,Latin America,Crypto,900.0,2025,9,2025-09,Sep,2025Q3,Tuesday,20
ORD-10428,2025-10-01 00:00:00,CUST-UNKNOWN,Smart Fitness Watch V2,Electronics,2,199.95,Latin America,Bank Transfer,399.9,2025,10,2025-10,Oct,2025Q4,Wednesday,0
ORD-10371,2025-10-01 08:00:00,CUST-733,Standing Desk Converter,Furniture,1,220.0,North America,Crypto,220.0,2025,10,2025-10,Oct,2025Q4,Wednesday,8
ORD-10203,2025-10-01 18:00:00,CUST-367,4K Ultra HD Smart Monitor 27in,Electronics,6,450.0,Asia-Pacific,Crypto,2700.0,2025,10,2025-10,Oct,2025Q4,Wednesday,18
ORD-10417,2025-10-01 19:00:00,CUST-598,Wireless Vertical Mouse,Electronics,1,49.99,Asia-Pacific,Bank Transfer,49.99,2025,10,2025-10,Oct,2025Q4,Wednesday,19
ORD-10834,2025-10-01 19:00:00,CUST-856,Espresso Coffee Machine,Home & Kitchen,2,499.0,Middle East,Crypto,998.0,2025,10,2025-10,Oct,2025Q4,Wednesday,19
ORD-10035,2025-10-02 00:00:00,CUST-218,Bluetooth Portable Speaker,Audio & Accessories,4,89.99,Asia-Pacific,PayPal,359.96,2025,10,2025-10,Oct,2025Q4,Thursday,0
ORD-10003,2025-10-02 00:00:00,CUST-487,UltraBook Pro 15,Electronics,3,1299.99,North America,Crypto,3899.97,2025,10,2025-10,Oct,2025Q4,Thursday,0
ORD-10917,2025-10-02 00:00:00,CUST-926,Ergonomic Office Chair,Furniture,7,349.99,Latin America,Bank Transfer,2449.93,2025,10,2025-10,Oct,2025Q4,Thursday,0
ORD-10188,2025-10-02 10:00:00,CUST-974,Bluetooth Portable Speaker,Audio & Accessories,2,89.99,Middle East,Debit Card,179.98,2025,10,2025-10,Oct,2025Q4,Thursday,10
ORD-10235,2025-10-02 10:00:00,CUST-301,Wireless Noise-Canceling Headphones,Audio & Accessories,3,249.5,Latin America,Credit Card,748.5,2025,10,2025-10,Oct,2025Q4,Thursday,10
ORD-11162,2025-10-02 15:00:00,CUST-717,Standing Desk Converter,Furniture,1,220.0,North America,Bank Transfer,220.0,2025,10,2025-10,Oct,2025Q4,Thursday,15
ORD-10478,2025-10-02 16:00:00,CUST-821,Espresso Coffee Machine,Home & Kitchen,9,499.0,North America,Crypto,4491.0,2025,10,2025-10,Oct,2025Q4,Thursday,16
ORD-10992,2025-10-02 17:00:00,CUST-921,Noise-Isolating Earbuds,Audio & Accessories,1,29.99,North America,PayPal,29.99,2025,10,2025-10,Oct,2025Q4,Thursday,17
ORD-10228,2025-10-02 17:00:00,CUST-187,Smart Fitness Watch V2,Electronics,6,199.95,North America,PayPal,1199.7,2025,10,2025-10,Oct,2025Q4,Thursday,17
ORD-11325,2025-10-02 17:00:00,CUST-415,Noise-Isolating Earbuds,Audio & Accessories,1,29.99,Latin America,Crypto,29.99,2025,10,2025-10,Oct,2025Q4,Thursday,17
ORD-11129,2025-10-02 20:00:00,CUST-908,USB-C Multi-Port Hub,Audio & Accessories,1,45.0,North America,PayPal,45.0,2025,10,2025-10,Oct,2025Q4,Thursday,20
ORD-10037,2025-10-03 00:00:00,CUST-859,Bluetooth Portable Speaker,Audio & Accessories,1,89.99,Europe,Bank Transfer,89.99,2025,10,2025-10,Oct,2025Q4,Friday,0
ORD-10238,2025-10-03 00:00:00,CUST-277,Mechanical Gaming Keyboard,Electronics,3,119.0,Middle East,PayPal,357.0,2025,10,2025-10,Oct,2025Q4,Friday,0
ORD-10374,2025-10-03 00:00:00,CUST-412,UltraBook Pro 15,Electronics,1,1299.99,Europe,Bank Transfer,1299.99,2025,10,2025-10,Oct,2025Q4,Friday,0
ORD-10097,2025-10-03 10:00:00,CUST-479,USB-C Multi-Port Hub,Audio & Accessories,2,45.0,Middle East,Debit Card,90.0,2025,10,2025-10,Oct,2025Q4,Friday,10
ORD-10557,2025-10-03 10:00:00,CUST-129,USB-C Multi-Port Hub,Audio & Accessories,1,45.0,Latin America,Crypto,45.0,2025,10,2025-10,Oct,2025Q4,Friday,10
ORD-11146,2025-10-03 15:00:00,CUST-441,Wireless Vertical Mouse,Electronics,4,49.99,North America,Credit Card,199.96,2025,10,2025-10,Oct,2025Q4,Friday,15
ORD-11300,2025-10-04 00:00:00,CUST-263,Mechanical Gaming Keyboard,Electronics,1,119.0,Middle East,PayPal,119.0,2025,10,2025-10,Oct,2025Q4,Saturday,0
ORD-11443,2025-10-04 15:00:00,CUST-634,HD Webcam 1080p,Electronics,2,69.99,North America,PayPal,139.98,2025,10,2025-10,Oct,2025Q4,Saturday,15
ORD-10613,2025-10-04 17:00:00,CUST-675,Stainless Steel Water Bottle,Home & Kitchen,1,25.0,Europe,Crypto,25.0,2025,10,2025-10,Oct,2025Q4,Saturday,17
ORD-10367,2025-10-04 19:00:00,CUST-629,Wireless Noise-Canceling Headphones,Audio & Accessories,6,249.5,Asia-Pacific,Crypto,1497.0,2025,10,2025-10,Oct,2025Q4,Saturday,19
ORD-10287,2025-10-05 12:00:00,CUST-138,Noise-Isolating Earbuds,Audio & Accessories,2,29.99,North America,Unspecified,59.98,2025,10,2025-10,Oct,2025Q4,Sunday,12
ORD-10175,2025-10-06 00:00:00,CUST-504,Wireless Noise-Canceling Headphones,Audio & Accessories,1,249.5,Asia-Pacific,PayPal,249.5,2025,10,2025-10,Oct,2025Q4,Monday,0
ORD-10909,2025-10-06 09:00:00,CUST-615,Smart LED Desk Lamp,Home & Kitchen,2,39.99,Middle East,Credit Card,79.98,2025,10,2025-10,Oct,2025Q4,Monday,9
ORD-10381,2025-10-06 16:00:00,CUST-893,UltraBook Pro 15,Electronics,3,1299.99,Europe,Bank Transfer,3899.97,2025,10,2025-10,Oct,2025Q4,Monday,16
ORD-10898,2025-10-07 00:00:00,CUST-249,USB-C Multi-Port Hub,Audio & Accessories,1,45.0,Europe,Bank Transfer,45.0,2025,10,2025-10,Oct,2025Q4,Tuesday,0
ORD-10159,2025-10-07 12:00:00,CUST-409,USB-C Multi-Port Hub,Audio & Accessories,4,45.0,Latin America,PayPal,180.0,2025,10,2025-10,Oct,2025Q4,Tuesday,12
ORD-11317,2025-10-07 13:00:00,CUST-589,USB-C Multi-Port Hub,Audio & Accessories,4,45.0,North America,PayPal,180.0,2025,10,2025-10,Oct,2025Q4,Tuesday,13
ORD-10522,2025-10-07 17:00:00,CUST-138,Bluetooth Portable Speaker,Audio & Accessories,9,89.99,Middle East,Debit Card,809.91,2025,10,2025-10,Oct,2025Q4,Tuesday,17
ORD-11280,2025-10-08 00:00:00,CUST-559,Standing Desk Converter,Furniture,3,220.0,Europe,Credit Card,660.0,2025,10,2025-10,Oct,2025Q4,Wednesday,0
ORD-10414,2025-10-08 12:00:00,CUST-582,Wireless Vertical Mouse,Electronics,3,49.99,Middle East,Bank Transfer,149.97,2025,10,2025-10,Oct,2025Q4,Wednesday,12
ORD-10656,2025-10-08 17:00:00,CUST-508,UltraBook Pro 15,Electronics,1,1299.99,Asia-Pacific,Unspecified,1299.99,2025,10,2025-10,Oct,2025Q4,Wednesday,17
ORD-10842,2025-10-09 00:00:00,CUST-831,Wireless Noise-Canceling Headphones,Audio & Accessories,1,249.5,Europe,Bank Transfer,249.5,2025,10,2025-10,Oct,2025Q4,Thursday,0
ORD-10505,2025-10-09 13:00:00,CUST-821,Bluetooth Portable Speaker,Audio & Accessories,1,89.99,Asia-Pacific,Crypto,89.99,2025,10,2025-10,Oct,2025Q4,Thursday,13
ORD-11400,2025-10-10 00:00:00,CUST-222,HD Webcam 1080p,Electronics,1,69.99,Middle East,Credit Card,69.99,2025,10,2025-10,Oct,2025Q4,Friday,0
ORD-10077,2025-10-10 14:00:00,CUST-961,4K Ultra HD Smart Monitor 27in,Electronics,1,450.0,North America,Debit Card,450.0,2025,10,2025-10,Oct,2025Q4,Friday,14
ORD-10521,2025-10-10 15:00:00,CUST-331,USB-C Multi-Port Hub,Audio & Accessories,2,45.0,Europe,Debit Card,90.0,2025,10,2025-10,Oct,2025Q4,Friday,15
ORD-11418,2025-10-10 16:00:00,CUST-248,Ergonomic Office Chair,Furniture,2,349.99,North America,Bank Transfer,699.98,2025,10,2025-10,Oct,2025Q4,Friday,16
ORD-10155,2025-10-10 18:00:00,CUST-886,Smart Fitness Watch V2,Electronics,1,199.95,Europe,Debit Card,199.95,2025,10,2025-10,Oct,2025Q4,Friday,18
ORD-11040,2025-10-11 19:00:00,CUST-113,Smart Fitness Watch V2,Electronics,2,199.95,North America,Credit Card,399.9,2025,10,2025-10,Oct,2025Q4,Saturday,19
ORD-10710,2025-10-12 00:00:00,CUST-315,Espresso Coffee Machine,Home & Kitchen,4,499.0,Middle East,Crypto,1996.0,2025,10,2025-10,Oct,2025Q4,Sunday,0
ORD-10469,2025-10-12 12:00:00,CUST-449,Wireless Vertical Mouse,Electronics,8,49.99,Latin America,PayPal,399.92,2025,10,2025-10,Oct,2025Q4,Sunday,12
ORD-11224,2025-10-12 15:00:00,CUST-630,Ergonomic Office Chair,Furniture,2,349.99,North America,Debit Card,699.98,2025,10,2025-10,Oct,2025Q4,Sunday,15
ORD-11433,2025-10-12 18:00:00,CUST-705,Espresso Coffee Machine,Home & Kitchen,3,499.0,Middle East,Bank Transfer,1497.0,2025,10,2025-10,Oct,2025Q4,Sunday,18
ORD-10197,2025-10-13 00:00:00,CUST-279,4K Ultra HD Smart Monitor 27in,Electronics,6,450.0,Latin America,Crypto,2700.0,2025,10,2025-10,Oct,2025Q4,Monday,0
ORD-11293,2025-10-13 12:00:00,CUST-819,Noise-Isolating Earbuds,Audio & Accessories,3,29.99,Middle East,Debit Card,89.97,2025,10,2025-10,Oct,2025Q4,Monday,12
ORD-10066,2025-10-13 20:00:00,CUST-710,4K Ultra HD Smart Monitor 27in,Electronics,1,450.0,Middle East,PayPal,450.0,2025,10,2025-10,Oct,2025Q4,Monday,20
ORD-10883,2025-10-14 00:00:00,CUST-936,Wireless Vertical Mouse,Electronics,1,49.99,Latin America,Debit Card,49.99,2025,10,2025-10,Oct,2025Q4,Tuesday,0
ORD-11324,2025-10-15 00:00:00,CUST-895,UltraBook Pro 15,Electronics,9,1299.99,Europe,Credit Card,11699.91,2025,10,2025-10,Oct,2025Q4,Wednesday,0
ORD-11471,2025-10-15 00:00:00,CUST-736,Wireless Vertical Mouse,Electronics,4,49.99,Europe,Crypto,199.96,2025,10,2025-10,Oct,2025Q4,Wednesday,0
ORD-10161,2025-10-15 09:00:00,CUST-577,Standing Desk Converter,Furniture,3,220.0,North America,Bank Transfer,660.0,2025,10,2025-10,Oct,2025Q4,Wednesday,9
ORD-11242,2025-10-15 16:00:00,CUST-816,HD Webcam 1080p,Electronics,4,69.99,Asia-Pacific,PayPal,279.96,2025,10,2025-10,Oct,2025Q4,Wednesday,16
ORD-11049,2025-10-15 20:00:00,CUST-611,Espresso Coffee Machine,Home & Kitchen,1,499.0,Asia-Pacific,PayPal,499.0,2025,10,2025-10,Oct,2025Q4,Wednesday,20
ORD-10269,2025-10-16 20:00:00,CUST-737,Smart Fitness Watch V2,Electronics,1,199.95,Europe,Debit Card,199.95,2025,10,2025-10,Oct,2025Q4,Thursday,20
ORD-10689,2025-10-17 00:00:00,CUST-742,Espresso Coffee Machine,Home & Kitchen,1,499.0,Middle East,Crypto,499.0,2025,10,2025-10,Oct,2025Q4,Friday,0
ORD-10383,2025-10-17 00:00:00,CUST-249,Bluetooth Portable Speaker,Audio & Accessories,5,89.99,Latin America,Bank Transfer,449.95,2025,10,2025-10,Oct,2025Q4,Friday,0
ORD-10283,2025-10-17 16:00:00,CUST-376,USB-C Multi-Port Hub,Audio & Accessories,1,45.0,Europe,Credit Card,45.0,2025,10,2025-10,Oct,2025Q4,Friday,16
ORD-10112,2025-10-17 18:00:00,CUST-245,Mechanical Gaming Keyboard,Electronics,7,119.0,North America,Credit Card,833.0,2025,10,2025-10,Oct,2025Q4,Friday,18
ORD-10013,2025-10-18 09:00:00,CUST-597,UltraBook Pro 15,Electronics,1,1299.99,North America,Crypto,1299.99,2025,10,2025-10,Oct,2025Q4,Saturday,9
ORD-11331,2025-10-18 15:00:00,CUST-249,Espresso Coffee Machine,Home & Kitchen,3,499.0,Asia-Pacific,Crypto,1497.0,2025,10,2025-10,Oct,2025Q4,Saturday,15
ORD-10007,2025-10-18 19:00:00,CUST-771,Ergonomic Office Chair,Furniture,5,349.99,Latin America,Debit Card,1749.95,2025,10,2025-10,Oct,2025Q4,Saturday,19
ORD-11200,2025-10-19 00:00:00,CUST-845,Smart Fitness Watch V2,Electronics,4,199.95,North America,Crypto,799.8,2025,10,2025-10,Oct,2025Q4,Sunday,0
ORD-10495,2025-10-19 00:00:00,CUST-952,Smart Fitness Watch V2,Electronics,2,199.95,Europe,PayPal,399.9,2025,10,2025-10,Oct,2025Q4,Sunday,0
ORD-11278,2025-10-19 00:00:00,CUST-157,Smart Fitness Watch V2,Electronics,1,199.95,Europe,Debit Card,199.95,2025,10,2025-10,Oct,2025Q4,Sunday,0
ORD-10312,2025-10-19 08:00:00,CUST-996,Smart LED Desk Lamp,Home & Kitchen,1,39.99,Europe,Credit Card,39.99,2025,10,2025-10,Oct,2025Q4,Sunday,8
ORD-11477,2025-10-19 11:00:00,CUST-UNKNOWN,HD Webcam 1080p,Electronics,4,69.99,North America,Bank Transfer,279.96,2025,10,2025-10,Oct,2025Q4,Sunday,11
ORD-10325,2025-10-19 15:00:00,CUST-983,Ergonomic Office Chair,Furniture,4,349.99,Europe,Credit Card,1399.96,2025,10,2025-10,Oct,2025Q4,Sunday,15
ORD-11026,2025-10-20 00:00:00,CUST-633,Ergonomic Office Chair,Furniture,5,349.99,Europe,Debit Card,1749.95,2025,10,2025-10,Oct,2025Q4,Monday,0
ORD-11373,2025-10-20 09:00:00,CUST-UNKNOWN,Espresso Coffee Machine,Home & Kitchen,2,499.0,Asia-Pacific,Credit Card,998.0,2025,10,2025-10,Oct,2025Q4,Monday,9
ORD-10653,2025-10-20 10:00:00,CUST-178,UltraBook Pro 15,Electronics,4,1299.99,Europe,Debit Card,5199.96,2025,10,2025-10,Oct,2025Q4,Monday,10
ORD-10751,2025-10-21 00:00:00,CUST-309,HD Webcam 1080p,Electronics,7,69.99,Latin America,Credit Card,489.93,2025,10,2025-10,Oct,2025Q4,Tuesday,0
ORD-11204,2025-10-21 00:00:00,CUST-496,Wireless Noise-Canceling Headphones,Audio & Accessories,2,249.5,Latin America,Debit Card,499.0,2025,10,2025-10,Oct,2025Q4,Tuesday,0
ORD-11001,2025-10-21 19:00:00,CUST-631,Bluetooth Portable Speaker,Audio & Accessories,2,89.99,Asia-Pacific,PayPal,179.98,2025,10,2025-10,Oct,2025Q4,Tuesday,19
ORD-10406,2025-10-22 00:00:00,CUST-486,4K Ultra HD Smart Monitor 27in,Electronics,2,450.0,Middle East,Debit Card,900.0,2025,10,2025-10,Oct,2025Q4,Wednesday,0
ORD-10196,2025-10-22 13:00:00,CUST-891,4K Ultra HD Smart Monitor 27in,Electronics,4,450.0,Asia-Pacific,PayPal,1800.0,2025,10,2025-10,Oct,2025Q4,Wednesday,13
ORD-10396,2025-10-23 16:00:00,CUST-107,Espresso Coffee Machine,Home & Kitchen,5,499.0,Latin America,PayPal,2495.0,2025,10,2025-10,Oct,2025Q4,Thursday,16
ORD-10942,2025-10-23 18:00:00,CUST-572,Stainless Steel Water Bottle,Home & Kitchen,3,25.0,North America,Unspecified,75.0,2025,10,2025-10,Oct,2025Q4,Thursday,18
ORD-10342,2025-10-23 19:00:00,CUST-785,Stainless Steel Water Bottle,Home & Kitchen,1,25.0,Asia-Pacific,Crypto,25.0,2025,10,2025-10,Oct,2025Q4,Thursday,19
ORD-10731,2025-10-24 00:00:00,CUST-730,Espresso Coffee Machine,Home & Kitchen,4,499.0,Asia-Pacific,Debit Card,1996.0,2025,10,2025-10,Oct,2025Q4,Friday,0
ORD-10489,2025-10-24 00:00:00,CUST-195,Mechanical Gaming Keyboard,Electronics,6,119.0,Asia-Pacific,Bank Transfer,714.0,2025,10,2025-10,Oct,2025Q4,Friday,0
ORD-10620,2025-10-24 09:00:00,CUST-379,Wireless Noise-Canceling Headphones,Audio & Accessories,1,249.5,North America,Crypto,249.5,2025,10,2025-10,Oct,2025Q4,Friday,9
ORD-10582,2025-10-26 16:00:00,CUST-UNKNOWN,HD Webcam 1080p,Electronics,2,69.99,Asia-Pacific,PayPal,139.98,2025,10,2025-10,Oct,2025Q4,Sunday,16
ORD-10741,2025-10-26 18:00:00,CUST-324,Standing Desk Converter,Furniture,1,220.0,Europe,Debit Card,220.0,2025,10,2025-10,Oct,2025Q4,Sunday,18
ORD-10073,2025-10-27 14:00:00,CUST-603,4K Ultra HD Smart Monitor 27in,Electronics,4,450.0,North America,Debit Card,1800.0,2025,10,2025-10,Oct,2025Q4,Monday,14
ORD-10728,2025-10-27 14:00:00,CUST-767,Smart LED Desk Lamp,Home & Kitchen,1,39.99,Asia-Pacific,Bank Transfer,39.99,2025,10,2025-10,Oct,2025Q4,Monday,14
ORD-10739,2025-10-27 15:00:00,CUST-183,Wireless Vertical Mouse,Electronics,2,49.99,Latin America,Crypto,99.98,2025,10,2025-10,Oct,2025Q4,Monday,15
ORD-10201,2025-10-28 00:00:00,CUST-322,Ergonomic Office Chair,Furniture,1,349.99,Latin America,Unspecified,349.99,2025,10,2025-10,Oct,2025Q4,Tuesday,0
ORD-11202,2025-10-28 00:00:00,CUST-724,Bluetooth Portable Speaker,Audio & Accessories,1,89.99,North America,Bank Transfer,89.99,2025,10,2025-10,Oct,2025Q4,Tuesday,0
ORD-11465,2025-10-28 00:00:00,CUST-517,Smart Fitness Watch V2,Electronics,1,199.95,Europe,PayPal,199.95,2025,10,2025-10,Oct,2025Q4,Tuesday,0
ORD-11406,2025-10-29 08:00:00,CUST-588,UltraBook Pro 15,Electronics,5,1299.99,North America,Debit Card,6499.95,2025,10,2025-10,Oct,2025Q4,Wednesday,8
ORD-10971,2025-10-29 15:00:00,CUST-381,4K Ultra HD Smart Monitor 27in,Electronics,7,450.0,Latin America,Debit Card,3150.0,2025,10,2025-10,Oct,2025Q4,Wednesday,15
ORD-10351,2025-10-29 16:00:00,CUST-610,USB-C Multi-Port Hub,Audio & Accessories,5,45.0,North America,Crypto,225.0,2025,10,2025-10,Oct,2025Q4,Wednesday,16
ORD-11072,2025-10-30 00:00:00,CUST-885,Wireless Noise-Canceling Headphones,Audio & Accessories,1,249.5,Europe,Credit Card,249.5,2025,10,2025-10,Oct,2025Q4,Thursday,0
ORD-10563,2025-10-30 00:00:00,CUST-105,HD Webcam 1080p,Electronics,1,69.99,Latin America,Unspecified,69.99,2025,10,2025-10,Oct,2025Q4,Thursday,0
ORD-10606,2025-10-30 00:00:00,CUST-272,Standing Desk Converter,Furniture,1,220.0,North America,Bank Transfer,220.0,2025,10,2025-10,Oct,2025Q4,Thursday,0
ORD-10528,2025-10-30 19:00:00,CUST-557,Wireless Noise-Canceling Headphones,Audio & Accessories,1,249.5,Asia-Pacific,PayPal,249.5,2025,10,2025-10,Oct,2025Q4,Thursday,19
ORD-10940,2025-10-30 20:00:00,CUST-979,Wireless Noise-Canceling Headphones,Audio & Accessories,1,249.5,Asia-Pacific,Bank Transfer,249.5,2025,10,2025-10,Oct,2025Q4,Thursday,20
ORD-11140,2025-10-31 00:00:00,CUST-147,Smart Fitness Watch V2,Electronics,5,199.95,Latin America,Debit Card,999.75,2025,10,2025-10,Oct,2025Q4,Friday,0
ORD-10687,2025-10-31 12:00:00,CUST-892,UltraBook Pro 15,Electronics,1,1299.99,Asia-Pacific,Debit Card,1299.99,2025,10,2025-10,Oct,2025Q4,Friday,12
ORD-10168,2025-10-31 13:00:00,CUST-621,Espresso Coffee Machine,Home & Kitchen,1,499.0,Middle East,Debit Card,499.0,2025,10,2025-10,Oct,2025Q4,Friday,13
ORD-10225,2025-10-31 16:00:00,CUST-886,Smart Fitness Watch V2,Electronics,1,199.95,Middle East,Credit Card,199.95,2025,10,2025-10,Oct,2025Q4,Friday,16
ORD-10070,2025-11-01 00:00:00,CUST-395,Wireless Noise-Canceling Headphones,Audio & Accessories,4,249.5,Latin America,Credit Card,998.0,2025,11,2025-11,Nov,2025Q4,Saturday,0
ORD-11333,2025-11-01 09:00:00,CUST-496,Stainless Steel Water Bottle,Home & Kitchen,14,25.0,Asia-Pacific,Credit Card,350.0,2025,11,2025-11,Nov,2025Q4,Saturday,9
ORD-10059,2025-11-02 00:00:00,CUST-669,4K Ultra HD Smart Monitor 27in,Electronics,1,450.0,North America,Crypto,450.0,2025,11,2025-11,Nov,2025Q4,Sunday,0
ORD-11463,2025-11-02 00:00:00,CUST-525,4K Ultra HD Smart Monitor 27in,Electronics,3,450.0,North America,Crypto,1350.0,2025,11,2025-11,Nov,2025Q4,Sunday,0
ORD-11273,2025-11-02 17:00:00,CUST-851,Smart LED Desk Lamp,Home & Kitchen,1,39.99,North America,PayPal,39.99,2025,11,2025-11,Nov,2025Q4,Sunday,17
ORD-10187,2025-11-02 20:00:00,CUST-557,Smart LED Desk Lamp,Home & Kitchen,2,39.99,Middle East,Bank Transfer,79.98,2025,11,2025-11,Nov,2025Q4,Sunday,20
ORD-11403,2025-11-03 09:00:00,CUST-197,Wireless Vertical Mouse,Electronics,4,49.99,Asia-Pacific,Bank Transfer,199.96,2025,11,2025-11,Nov,2025Q4,Monday,9
ORD-11178,2025-11-03 15:00:00,CUST-548,Wireless Noise-Canceling Headphones,Audio & Accessories,4,249.5,Asia-Pacific,Credit Card,998.0,2025,11,2025-11,Nov,2025Q4,Monday,15
ORD-11342,2025-11-04 00:00:00,CUST-802,Noise-Isolating Earbuds,Audio & Accessories,5,29.99,Middle East,Unspecified,149.95,2025,11,2025-11,Nov,2025Q4,Tuesday,0
ORD-10931,2025-11-04 13:00:00,CUST-342,Wireless Noise-Canceling Headphones,Audio & Accessories,5,249.5,Middle East,Credit Card,1247.5,2025,11,2025-11,Nov,2025Q4,Tuesday,13
ORD-10993,2025-11-05 00:00:00,CUST-399,UltraBook Pro 15,Electronics,3,1299.99,Europe,Crypto,3899.97,2025,11,2025-11,Nov,2025Q4,Wednesday,0
ORD-11184,2025-11-05 09:00:00,CUST-912,Stainless Steel Water Bottle,Home & Kitchen,1,25.0,North America,Crypto,25.0,2025,11,2025-11,Nov,2025Q4,Wednesday,9
ORD-10127,2025-11-05 10:00:00,CUST-696,Espresso Coffee Machine,Home & Kitchen,5,499.0,Europe,Bank Transfer,2495.0,2025,11,2025-11,Nov,2025Q4,Wednesday,10
ORD-11326,2025-11-06 00:00:00,CUST-687,Bluetooth Portable Speaker,Audio & Accessories,1,89.99,Europe,Debit Card,89.99,2025,11,2025-11,Nov,2025Q4,Thursday,0
ORD-11198,2025-11-06 00:00:00,CUST-834,Bluetooth Portable Speaker,Audio & Accessories,4,89.99,Middle East,PayPal,359.96,2025,11,2025-11,Nov,2025Q4,Thursday,0
ORD-10561,2025-11-06 00:00:00,CUST-753,Ergonomic Office Chair,Furniture,1,349.99,Middle East,PayPal,349.99,2025,11,2025-11,Nov,2025Q4,Thursday,0
ORD-11038,2025-11-06 16:00:00,CUST-839,HD Webcam 1080p,Electronics,1,69.99,North America,Debit Card,69.99,2025,11,2025-11,Nov,2025Q4,Thursday,16
ORD-10697,2025-11-07 00:00:00,CUST-616,Standing Desk Converter,Furniture,3,220.0,Latin America,Debit Card,660.0,2025,11,2025-11,Nov,2025Q4,Friday,0
ORD-10014,2025-11-07 00:00:00,CUST-652,4K Ultra HD Smart Monitor 27in,Electronics,1,450.0,Europe,Bank Transfer,450.0,2025,11,2025-11,Nov,2025Q4,Friday,0
ORD-10856,2025-11-07 12:00:00,CUST-103,Smart LED Desk Lamp,Home & Kitchen,1,39.99,Europe,Crypto,39.99,2025,11,2025-11,Nov,2025Q4,Friday,12
ORD-10474,2025-11-07 17:00:00,CUST-710,HD Webcam 1080p,Electronics,2,69.99,Europe,PayPal,139.98,2025,11,2025-11,Nov,2025Q4,Friday,17
ORD-10353,2025-11-08 00:00:00,CUST-380,Standing Desk Converter,Furniture,1,220.0,Latin America,Bank Transfer,220.0,2025,11,2025-11,Nov,2025Q4,Saturday,0
ORD-10111,2025-11-08 00:00:00,CUST-373,Stainless Steel Water Bottle,Home & Kitchen,1,25.0,North America,PayPal,25.0,2025,11,2025-11,Nov,2025Q4,Saturday,0
ORD-11469,2025-11-08 00:00:00,CUST-881,Smart Fitness Watch V2,Electronics,4,199.95,North America,Debit Card,799.8,2025,11,2025-11,Nov,2025Q4,Saturday,0
ORD-10105,2025-11-08 10:00:00,CUST-381,USB-C Multi-Port Hub,Audio & Accessories,1,45.0,Middle East,Crypto,45.0,2025,11,2025-11,Nov,2025Q4,Saturday,10
ORD-11135,2025-11-09 11:00:00,CUST-258,Stainless Steel Water Bottle,Home & Kitchen,1,25.0,Asia-Pacific,PayPal,25.0,2025,11,2025-11,Nov,2025Q4,Sunday,11
ORD-10988,2025-11-10 00:00:00,CUST-590,Standing Desk Converter,Furniture,1,220.0,Europe,Bank Transfer,220.0,2025,11,2025-11,Nov,2025Q4,Monday,0
ORD-10292,2025-11-10 11:00:00,CUST-206,Smart Fitness Watch V2,Electronics,5,199.95,Latin America,PayPal,999.75,2025,11,2025-11,Nov,2025Q4,Monday,11
ORD-11163,2025-11-11 00:00:00,CUST-589,Bluetooth Portable Speaker,Audio & Accessories,4,89.99,Latin America,Crypto,359.96,2025,11,2025-11,Nov,2025Q4,Tuesday,0
ORD-10234,2025-11-11 11:00:00,CUST-539,Standing Desk Converter,Furniture,1,220.0,Latin America,Credit Card,220.0,2025,11,2025-11,Nov,2025Q4,Tuesday,11
ORD-10216,2025-11-11 17:00:00,CUST-892,Wireless Noise-Canceling Headphones,Audio & Accessories,1,249.5,Asia-Pacific,Credit Card,249.5,2025,11,2025-11,Nov,2025Q4,Tuesday,17
ORD-10281,2025-11-12 11:00:00,CUST-610,UltraBook Pro 15,Electronics,1,1299.99,Latin America,Crypto,1299.99,2025,11,2025-11,Nov,2025Q4,Wednesday,11
ORD-10549,2025-11-12 11:00:00,CUST-307,USB-C Multi-Port Hub,Audio & Accessories,4,45.0,Latin America,Bank Transfer,180.0,2025,11,2025-11,Nov,2025Q4,Wednesday,11
ORD-10507,2025-11-12 13:00:00,CUST-937,Espresso Coffee Machine,Home & Kitchen,5,499.0,Europe,Crypto,2495.0,2025,11,2025-11,Nov,2025Q4,Wednesday,13
ORD-11099,2025-11-12 16:00:00,CUST-912,4K Ultra HD Smart Monitor 27in,Electronics,2,450.0,Europe,Credit Card,900.0,2025,11,2025-11,Nov,2025Q4,Wednesday,16
ORD-10118,2025-11-13 00:00:00,CUST-470,Standing Desk Converter,Furniture,6,220.0,North America,Debit Card,1320.0,2025,11,2025-11,Nov,2025Q4,Thursday,0
ORD-10410,2025-11-13 13:00:00,CUST-209,Wireless Vertical Mouse,Electronics,1,49.99,North America,Credit Card,49.99,2025,11,2025-11,Nov,2025Q4,Thursday,13
ORD-10708,2025-11-14 00:00:00,CUST-271,USB-C Multi-Port Hub,Audio & Accessories,1,45.0,North America,Credit Card,45.0,2025,11,2025-11,Nov,2025Q4,Friday,0
ORD-10908,2025-11-14 00:00:00,CUST-925,Stainless Steel Water Bottle,Home & Kitchen,1,25.0,North America,Credit Card,25.0,2025,11,2025-11,Nov,2025Q4,Friday,0
ORD-10946,2025-11-14 00:00:00,CUST-501,Bluetooth Portable Speaker,Audio & Accessories,1,89.99,Latin America,Credit Card,89.99,2025,11,2025-11,Nov,2025Q4,Friday,0
ORD-10443,2025-11-14 00:00:00,CUST-344,Mechanical Gaming Keyboard,Electronics,2,119.0,Asia-Pacific,Credit Card,238.0,2025,11,2025-11,Nov,2025Q4,Friday,0
ORD-11395,2025-11-14 00:00:00,CUST-884,UltraBook Pro 15,Electronics,5,1299.99,North America,Credit Card,6499.95,2025,11,2025-11,Nov,2025Q4,Friday,0
ORD-10964,2025-11-14 00:00:00,CUST-998,Bluetooth Portable Speaker,Audio & Accessories,1,89.99,Asia-Pacific,Unspecified,89.99,2025,11,2025-11,Nov,2025Q4,Friday,0
ORD-10726,2025-11-14 09:00:00,CUST-791,Standing Desk Converter,Furniture,1,220.0,North America,Unspecified,220.0,2025,11,2025-11,Nov,2025Q4,Friday,9
ORD-11272,2025-11-14 15:00:00,CUST-902,UltraBook Pro 15,Electronics,4,1299.99,Asia-Pacific,Bank Transfer,5199.96,2025,11,2025-11,Nov,2025Q4,Friday,15
ORD-10210,2025-11-14 16:00:00,CUST-462,Mechanical Gaming Keyboard,Electronics,2,119.0,Asia-Pacific,Debit Card,238.0,2025,11,2025-11,Nov,2025Q4,Friday,16
ORD-10894,2025-11-14 18:00:00,CUST-475,4K Ultra HD Smart Monitor 27in,Electronics,3,450.0,Middle East,Crypto,1350.0,2025,11,2025-11,Nov,2025Q4,Friday,18
ORD-11000,2025-11-15 00:00:00,CUST-901,Smart LED Desk Lamp,Home & Kitchen,1,39.99,North America,Credit Card,39.99,2025,11,2025-11,Nov,2025Q4,Saturday,0
ORD-11246,2025-11-15 17:00:00,CUST-273,Smart LED Desk Lamp,Home & Kitchen,1,39.99,Asia-Pacific,Bank Transfer,39.99,2025,11,2025-11,Nov,2025Q4,Saturday,17
ORD-11335,2025-11-16 19:00:00,CUST-540,HD Webcam 1080p,Electronics,3,69.99,Europe,PayPal,209.97,2025,11,2025-11,Nov,2025Q4,Sunday,19
ORD-10380,2025-11-17 00:00:00,CUST-119,4K Ultra HD Smart Monitor 27in,Electronics,1,450.0,Middle East,Credit Card,450.0,2025,11,2025-11,Nov,2025Q4,Monday,0
ORD-10069,2025-11-17 00:00:00,CUST-302,Ergonomic Office Chair,Furniture,11,349.99,Latin America,Credit Card,3849.89,2025,11,2025-11,Nov,2025Q4,Monday,0
ORD-10983,2025-11-17 00:00:00,CUST-682,Wireless Noise-Canceling Headphones,Audio & Accessories,1,249.5,North America,PayPal,249.5,2025,11,2025-11,Nov,2025Q4,Monday,0
ORD-10790,2025-11-17 17:00:00,CUST-751,Wireless Vertical Mouse,Electronics,1,49.99,Europe,Credit Card,49.99,2025,11,2025-11,Nov,2025Q4,Monday,17
ORD-10328,2025-11-17 19:00:00,CUST-810,UltraBook Pro 15,Electronics,2,1299.99,Asia-Pacific,Bank Transfer,2599.98,2025,11,2025-11,Nov,2025Q4,Monday,19
ORD-10493,2025-11-17 20:00:00,CUST-968,Ergonomic Office Chair,Furniture,1,349.99,Europe,Crypto,349.99,2025,11,2025-11,Nov,2025Q4,Monday,20
ORD-11321,2025-11-17 20:00:00,CUST-740,HD Webcam 1080p,Electronics,1,69.99,Asia-Pacific,PayPal,69.99,2025,11,2025-11,Nov,2025Q4,Monday,20
ORD-11230,2025-11-18 08:00:00,CUST-175,Wireless Noise-Canceling Headphones,Audio & Accessories,6,249.5,North America,Debit Card,1497.0,2025,11,2025-11,Nov,2025Q4,Tuesday,8
ORD-10759,2025-11-18 16:00:00,CUST-168,Mechanical Gaming Keyboard,Electronics,4,119.0,Europe,Debit Card,476.0,2025,11,2025-11,Nov,2025Q4,Tuesday,16
ORD-10255,2025-11-18 19:00:00,CUST-521,Smart Fitness Watch V2,Electronics,2,199.95,Middle East,Debit Card,399.9,2025,11,2025-11,Nov,2025Q4,Tuesday,19
ORD-11108,2025-11-19 00:00:00,CUST-803,Smart Fitness Watch V2,Electronics,3,199.95,Asia-Pacific,Crypto,599.85,2025,11,2025-11,Nov,2025Q4,Wednesday,0
ORD-10678,2025-11-19 00:00:00,CUST-470,Bluetooth Portable Speaker,Audio & Accessories,9,89.99,Europe,Bank Transfer,809.91,2025,11,2025-11,Nov,2025Q4,Wednesday,0
ORD-10436,2025-11-19 19:00:00,CUST-662,Noise-Isolating Earbuds,Audio & Accessories,1,29.99,Middle East,Credit Card,29.99,2025,11,2025-11,Nov,2025Q4,Wednesday,19
ORD-10683,2025-11-20 00:00:00,CUST-996,Noise-Isolating Earbuds,Audio & Accessories,3,29.99,Middle East,Bank Transfer,89.97,2025,11,2025-11,Nov,2025Q4,Thursday,0
ORD-10926,2025-11-20 09:00:00,CUST-134,HD Webcam 1080p,Electronics,1,69.99,Middle East,Bank Transfer,69.99,2025,11,2025-11,Nov,2025Q4,Thursday,9
ORD-11309,2025-11-20 09:00:00,CUST-867,Wireless Noise-Canceling Headphones,Audio & Accessories,4,249.5,Asia-Pacific,PayPal,998.0,2025,11,2025-11,Nov,2025Q4,Thursday,9
ORD-10709,2025-11-20 11:00:00,CUST-622,Standing Desk Converter,Furniture,3,220.0,Asia-Pacific,Credit Card,660.0,2025,11,2025-11,Nov,2025Q4,Thursday,11
ORD-11396,2025-11-20 13:00:00,CUST-973,Ergonomic Office Chair,Furniture,2,349.99,Latin America,Debit Card,699.98,2025,11,2025-11,Nov,2025Q4,Thursday,13
ORD-10457,2025-11-20 14:00:00,CUST-636,UltraBook Pro 15,Electronics,2,1299.99,North America,Bank Transfer,2599.98,2025,11,2025-11,Nov,2025Q4,Thursday,14
ORD-10920,2025-11-21 00:00:00,CUST-284,Standing Desk Converter,Furniture,5,220.0,Asia-Pacific,Credit Card,1100.0,2025,11,2025-11,Nov,2025Q4,Friday,0
ORD-10248,2025-11-22 00:00:00,CUST-970,Espresso Coffee Machine,Home & Kitchen,8,499.0,North America,Crypto,3992.0,2025,11,2025-11,Nov,2025Q4,Saturday,0
ORD-11095,2025-11-22 08:00:00,CUST-465,Standing Desk Converter,Furniture,1,220.0,North America,Crypto,220.0,2025,11,2025-11,Nov,2025Q4,Saturday,8
ORD-10970,2025-11-22 08:00:00,CUST-938,Wireless Noise-Canceling Headphones,Audio & Accessories,3,249.5,Europe,PayPal,748.5,2025,11,2025-11,Nov,2025Q4,Saturday,8
ORD-11414,2025-11-22 10:00:00,CUST-461,USB-C Multi-Port Hub,Audio & Accessories,2,45.0,Europe,PayPal,90.0,2025,11,2025-11,Nov,2025Q4,Saturday,10
ORD-10536,2025-11-23 00:00:00,CUST-222,Ergonomic Office Chair,Furniture,5,349.99,North America,Crypto,1749.95,2025,11,2025-11,Nov,2025Q4,Sunday,0
ORD-11032,2025-11-23 13:00:00,CUST-772,Stainless Steel Water Bottle,Home & Kitchen,1,25.0,Europe,Bank Transfer,25.0,2025,11,2025-11,Nov,2025Q4,Sunday,13
ORD-10321,2025-11-23 20:00:00,CUST-787,Ergonomic Office Chair,Furniture,3,349.99,Asia-Pacific,Crypto,1049.97,2025,11,2025-11,Nov,2025Q4,Sunday,20
ORD-11190,2025-11-24 00:00:00,CUST-307,Smart Fitness Watch V2,Electronics,1,199.95,Asia-Pacific,Debit Card,199.95,2025,11,2025-11,Nov,2025Q4,Monday,0
ORD-10494,2025-11-24 00:00:00,CUST-360,Stainless Steel Water Bottle,Home & Kitchen,2,25.0,North America,Bank Transfer,50.0,2025,11,2025-11,Nov,2025Q4,Monday,0
ORD-10006,2025-11-24 19:00:00,CUST-801,4K Ultra HD Smart Monitor 27in,Electronics,1,450.0,Asia-Pacific,Credit Card,450.0,2025,11,2025-11,Nov,2025Q4,Monday,19
ORD-11389,2025-11-24 20:00:00,CUST-714,Espresso Coffee Machine,Home & Kitchen,2,499.0,North America,Debit Card,998.0,2025,11,2025-11,Nov,2025Q4,Monday,20
ORD-10934,2025-11-25 00:00:00,CUST-732,USB-C Multi-Port Hub,Audio & Accessories,1,45.0,North America,Credit Card,45.0,2025,11,2025-11,Nov,2025Q4,Tuesday,0
ORD-10637,2025-11-25 10:00:00,CUST-910,Espresso Coffee Machine,Home & Kitchen,1,499.0,Europe,Credit Card,499.0,2025,11,2025-11,Nov,2025Q4,Tuesday,10
ORD-11075,2025-11-25 16:00:00,CUST-746,Smart Fitness Watch V2,Electronics,2,199.95,Europe,Credit Card,399.9,2025,11,2025-11,Nov,2025Q4,Tuesday,16
ORD-10181,2025-11-25 16:00:00,CUST-237,4K Ultra HD Smart Monitor 27in,Electronics,1,450.0,Middle East,Debit Card,450.0,2025,11,2025-11,Nov,2025Q4,Tuesday,16
ORD-10206,2025-11-25 19:00:00,CUST-272,Wireless Vertical Mouse,Electronics,1,49.99,Asia-Pacific,PayPal,49.99,2025,11,2025-11,Nov,2025Q4,Tuesday,19
ORD-10635,2025-11-26 00:00:00,CUST-380,Noise-Isolating Earbuds,Audio & Accessories,2,29.99,North America,Debit Card,59.98,2025,11,2025-11,Nov,2025Q4,Wednesday,0
ORD-10785,2025-11-26 00:00:00,CUST-507,Wireless Noise-Canceling Headphones,Audio & Accessories,6,249.5,Middle East,Credit Card,1497.0,2025,11,2025-11,Nov,2025Q4,Wednesday,0
ORD-10142,2025-11-26 00:00:00,CUST-801,Bluetooth Portable Speaker,Audio & Accessories,2,89.99,Latin America,Debit Card,179.98,2025,11,2025-11,Nov,2025Q4,Wednesday,0
ORD-11123,2025-11-26 10:00:00,CUST-613,Mechanical Gaming Keyboard,Electronics,4,119.0,Asia-Pacific,Crypto,476.0,2025,11,2025-11,Nov,2025Q4,Wednesday,10
ORD-11076,2025-11-27 00:00:00,CUST-395,Espresso Coffee Machine,Home & Kitchen,2,499.0,Europe,Bank Transfer,998.0,2025,11,2025-11,Nov,2025Q4,Thursday,0
ORD-10120,2025-11-27 10:00:00,CUST-249,Smart Fitness Watch V2,Electronics,4,199.95,Asia-Pacific,PayPal,799.8,2025,11,2025-11,Nov,2025Q4,Thursday,10
ORD-10625,2025-11-27 10:00:00,CUST-715,4K Ultra HD Smart Monitor 27in,Electronics,2,450.0,Europe,Debit Card,900.0,2025,11,2025-11,Nov,2025Q4,Thursday,10
ORD-10784,2025-11-27 10:00:00,CUST-566,UltraBook Pro 15,Electronics,1,1299.99,Europe,Bank Transfer,1299.99,2025,11,2025-11,Nov,2025Q4,Thursday,10
ORD-10099,2025-11-27 13:00:00,CUST-382,Smart Fitness Watch V2,Electronics,1,199.95,Europe,Credit Card,199.95,2025,11,2025-11,Nov,2025Q4,Thursday,13
ORD-10816,2025-11-27 19:00:00,CUST-685,Standing Desk Converter,Furniture,3,220.0,Europe,Credit Card,660.0,2025,11,2025-11,Nov,2025Q4,Thursday,19
ORD-10315,2025-11-28 00:00:00,CUST-UNKNOWN,Ergonomic Office Chair,Furniture,3,349.99,Latin America,Unspecified,1049.97,2025,11,2025-11,Nov,2025Q4,Friday,0
ORD-11116,2025-11-28 00:00:00,CUST-549,Espresso Coffee Machine,Home & Kitchen,1,499.0,Latin America,Credit Card,499.0,2025,11,2025-11,Nov,2025Q4,Friday,0
ORD-10671,2025-11-28 00:00:00,CUST-219,Wireless Noise-Canceling Headphones,Audio & Accessories,6,249.5,Latin America,Unspecified,1497.0,2025,11,2025-11,Nov,2025Q4,Friday,0
ORD-10565,2025-11-28 09:00:00,CUST-785,Smart Fitness Watch V2,Electronics,3,199.95,Asia-Pacific,Unspecified,599.85,2025,11,2025-11,Nov,2025Q4,Friday,9
ORD-10543,2025-11-28 09:00:00,CUST-973,Standing Desk Converter,Furniture,3,220.0,Asia-Pacific,Credit Card,660.0,2025,11,2025-11,Nov,2025Q4,Friday,9
ORD-10640,2025-11-28 17:00:00,CUST-191,UltraBook Pro 15,Electronics,1,1299.99,Latin America,PayPal,1299.99,2025,11,2025-11,Nov,2025Q4,Friday,17
ORD-10719,2025-11-29 00:00:00,CUST-430,Stainless Steel Water Bottle,Home & Kitchen,4,25.0,Latin America,Debit Card,100.0,2025,11,2025-11,Nov,2025Q4,Saturday,0
ORD-10667,2025-11-29 11:00:00,CUST-741,USB-C Multi-Port Hub,Audio & Accessories,1,45.0,Middle East,PayPal,45.0,2025,11,2025-11,Nov,2025Q4,Saturday,11
ORD-10466,2025-11-29 14:00:00,CUST-489,Wireless Vertical Mouse,Electronics,1,49.99,Middle East,Credit Card,49.99,2025,11,2025-11,Nov,2025Q4,Saturday,14
ORD-10713,2025-11-29 18:00:00,CUST-131,Wireless Noise-Canceling Headphones,Audio & Accessories,2,249.5,Latin America,Credit Card,499.0,2025,11,2025-11,Nov,2025Q4,Saturday,18
ORD-10001,2025-11-29 19:00:00,CUST-325,HD Webcam 1080p,Electronics,7,69.99,Latin America,Crypto,489.93,2025,11,2025-11,Nov,2025Q4,Saturday,19
ORD-10997,2025-11-29 20:00:00,CUST-216,Ergonomic Office Chair,Furniture,1,349.99,North America,Debit Card,349.99,2025,11,2025-11,Nov,2025Q4,Saturday,20
ORD-10638,2025-11-29 20:00:00,CUST-708,Mechanical Gaming Keyboard,Electronics,1,119.0,Latin America,Bank Transfer,119.0,2025,11,2025-11,Nov,2025Q4,Saturday,20
ORD-10295,2025-11-30 00:00:00,CUST-266,Smart LED Desk Lamp,Home & Kitchen,2,39.99,Latin America,Credit Card,79.98,2025,11,2025-11,Nov,2025Q4,Sunday,0
ORD-10811,2025-11-30 08:00:00,CUST-976,Espresso Coffee Machine,Home & Kitchen,5,499.0,Middle East,Credit Card,2495.0,2025,11,2025-11,Nov,2025Q4,Sunday,8
ORD-10460,2025-11-30 17:00:00,CUST-730,Ergonomic Office Chair,Furniture,1,349.99,Middle East,PayPal,349.99,2025,11,2025-11,Nov,2025Q4,Sunday,17
ORD-11003,2025-12-01 00:00:00,CUST-112,Stainless Steel Water Bottle,Home & Kitchen,4,25.0,North America,Bank Transfer,100.0,2025,12,2025-12,Dec,2025Q4,Monday,0
ORD-11313,2025-12-01 00:00:00,CUST-144,Ergonomic Office Chair,Furniture,4,349.99,Asia-Pacific,PayPal,1399.96,2025,12,2025-12,Dec,2025Q4,Monday,0
ORD-11112,2025-12-01 14:00:00,CUST-984,HD Webcam 1080p,Electronics,1,69.99,Europe,PayPal,69.99,2025,12,2025-12,Dec,2025Q4,Monday,14
ORD-10267,2025-12-02 14:00:00,CUST-354,Wireless Vertical Mouse,Electronics,3,49.99,Latin America,Bank Transfer,149.97,2025,12,2025-12,Dec,2025Q4,Tuesday,14
ORD-11044,2025-12-02 17:00:00,CUST-398,Wireless Noise-Canceling Headphones,Audio & Accessories,6,249.5,Latin America,Credit Card,1497.0,2025,12,2025-12,Dec,2025Q4,Tuesday,17
ORD-11168,2025-12-02 20:00:00,CUST-445,Wireless Noise-Canceling Headphones,Audio & Accessories,1,249.5,Asia-Pacific,PayPal,249.5,2025,12,2025-12,Dec,2025Q4,Tuesday,20
ORD-10820,2025-12-03 08:00:00,CUST-147,Standing Desk Converter,Furniture,4,220.0,Middle East,Bank Transfer,880.0,2025,12,2025-12,Dec,2025Q4,Wednesday,8
ORD-10628,2025-12-03 09:00:00,CUST-959,Noise-Isolating Earbuds,Audio & Accessories,1,29.99,Europe,PayPal,29.99,2025,12,2025-12,Dec,2025Q4,Wednesday,9
ORD-11101,2025-12-03 10:00:00,CUST-573,UltraBook Pro 15,Electronics,9,1299.99,Middle East,Bank Transfer,11699.91,2025,12,2025-12,Dec,2025Q4,Wednesday,10
ORD-11405,2025-12-03 12:00:00,CUST-513,4K Ultra HD Smart Monitor 27in,Electronics,2,450.0,North America,Bank Transfer,900.0,2025,12,2025-12,Dec,2025Q4,Wednesday,12
ORD-11297,2025-12-04 00:00:00,CUST-653,Bluetooth Portable Speaker,Audio & Accessories,1,89.99,Europe,Bank Transfer,89.99,2025,12,2025-12,Dec,2025Q4,Thursday,0
ORD-10975,2025-12-04 00:00:00,CUST-169,Mechanical Gaming Keyboard,Electronics,1,119.0,Latin America,Debit Card,119.0,2025,12,2025-12,Dec,2025Q4,Thursday,0
ORD-11212,2025-12-04 00:00:00,CUST-705,Noise-Isolating Earbuds,Audio & Accessories,1,29.99,North America,Crypto,29.99,2025,12,2025-12,Dec,2025Q4,Thursday,0
ORD-11219,2025-12-04 00:00:00,CUST-499,UltraBook Pro 15,Electronics,1,1299.99,Europe,Bank Transfer,1299.99,2025,12,2025-12,Dec,2025Q4,Thursday,0
ORD-11248,2025-12-04 09:00:00,CUST-UNKNOWN,Smart LED Desk Lamp,Home & Kitchen,6,39.99,Europe,Crypto,239.94,2025,12,2025-12,Dec,2025Q4,Thursday,9
ORD-10818,2025-12-04 09:00:00,CUST-713,Stainless Steel Water Bottle,Home & Kitchen,1,25.0,Europe,Credit Card,25.0,2025,12,2025-12,Dec,2025Q4,Thursday,9
ORD-11235,2025-12-04 20:00:00,CUST-574,Ergonomic Office Chair,Furniture,2,349.99,Middle East,Debit Card,699.98,2025,12,2025-12,Dec,2025Q4,Thursday,20
ORD-10390,2025-12-05 00:00:00,CUST-321,HD Webcam 1080p,Electronics,11,69.99,Latin America,Crypto,769.89,2025,12,2025-12,Dec,2025Q4,Friday,0
ORD-10958,2025-12-05 08:00:00,CUST-241,UltraBook Pro 15,Electronics,1,1299.99,Asia-Pacific,Bank Transfer,1299.99,2025,12,2025-12,Dec,2025Q4,Friday,8
ORD-10300,2025-12-05 12:00:00,CUST-657,USB-C Multi-Port Hub,Audio & Accessories,1,45.0,Latin America,PayPal,45.0,2025,12,2025-12,Dec,2025Q4,Friday,12
ORD-11192,2025-12-06 00:00:00,CUST-249,Ergonomic Office Chair,Furniture,1,349.99,Asia-Pacific,Crypto,349.99,2025,12,2025-12,Dec,2025Q4,Saturday,0
ORD-10027,2025-12-06 00:00:00,CUST-237,Wireless Vertical Mouse,Electronics,2,49.99,Asia-Pacific,Credit Card,99.98,2025,12,2025-12,Dec,2025Q4,Saturday,0
ORD-10987,2025-12-06 08:00:00,CUST-174,Wireless Vertical Mouse,Electronics,2,49.99,Middle East,Crypto,99.98,2025,12,2025-12,Dec,2025Q4,Saturday,8
ORD-11034,2025-12-06 14:00:00,CUST-575,USB-C Multi-Port Hub,Audio & Accessories,1,45.0,Asia-Pacific,Credit Card,45.0,2025,12,2025-12,Dec,2025Q4,Saturday,14
ORD-10952,2025-12-06 17:00:00,CUST-376,Smart Fitness Watch V2,Electronics,1,199.95,Middle East,Credit Card,199.95,2025,12,2025-12,Dec,2025Q4,Saturday,17
ORD-10343,2025-12-06 18:00:00,CUST-252,Ergonomic Office Chair,Furniture,2,349.99,Middle East,Crypto,699.98,2025,12,2025-12,Dec,2025Q4,Saturday,18
ORD-11253,2025-12-07 09:00:00,CUST-157,Wireless Vertical Mouse,Electronics,1,49.99,Europe,PayPal,49.99,2025,12,2025-12,Dec,2025Q4,Sunday,9
ORD-11183,2025-12-07 12:00:00,CUST-899,Ergonomic Office Chair,Furniture,7,349.99,Latin America,Crypto,2449.93,2025,12,2025-12,Dec,2025Q4,Sunday,12
ORD-11316,2025-12-07 13:00:00,CUST-619,Wireless Noise-Canceling Headphones,Audio & Accessories,2,249.5,Europe,PayPal,499.0,2025,12,2025-12,Dec,2025Q4,Sunday,13
ORD-11069,2025-12-07 14:00:00,CUST-783,Smart Fitness Watch V2,Electronics,1,199.95,North America,Credit Card,199.95,2025,12,2025-12,Dec,2025Q4,Sunday,14
ORD-10541,2025-12-07 14:00:00,CUST-816,UltraBook Pro 15,Electronics,3,1299.99,Asia-Pacific,Debit Card,3899.97,2025,12,2025-12,Dec,2025Q4,Sunday,14
ORD-11440,2025-12-07 19:00:00,CUST-929,Smart LED Desk Lamp,Home & Kitchen,9,39.99,North America,Credit Card,359.91,2025,12,2025-12,Dec,2025Q4,Sunday,19
ORD-11429,2025-12-08 12:00:00,CUST-942,Stainless Steel Water Bottle,Home & Kitchen,5,25.0,Europe,PayPal,125.0,2025,12,2025-12,Dec,2025Q4,Monday,12
ORD-11498,2025-12-08 16:00:00,CUST-291,Espresso Coffee Machine,Home & Kitchen,2,499.0,North America,Credit Card,998.0,2025,12,2025-12,Dec,2025Q4,Monday,16
ORD-10871,2025-12-08 18:00:00,CUST-937,Standing Desk Converter,Furniture,1,220.0,Asia-Pacific,Bank Transfer,220.0,2025,12,2025-12,Dec,2025Q4,Monday,18
ORD-11159,2025-12-09 10:00:00,CUST-212,Bluetooth Portable Speaker,Audio & Accessories,1,89.99,Europe,Credit Card,89.99,2025,12,2025-12,Dec,2025Q4,Tuesday,10
ORD-10815,2025-12-09 16:00:00,CUST-700,Wireless Noise-Canceling Headphones,Audio & Accessories,2,249.5,Middle East,Crypto,499.0,2025,12,2025-12,Dec,2025Q4,Tuesday,16
ORD-11379,2025-12-10 00:00:00,CUST-409,Stainless Steel Water Bottle,Home & Kitchen,3,25.0,Europe,Debit Card,75.0,2025,12,2025-12,Dec,2025Q4,Wednesday,0
ORD-11091,2025-12-10 14:00:00,CUST-155,USB-C Multi-Port Hub,Audio & Accessories,3,45.0,Asia-Pacific,Debit Card,135.0,2025,12,2025-12,Dec,2025Q4,Wednesday,14
ORD-10646,2025-12-10 20:00:00,CUST-866,Smart Fitness Watch V2,Electronics,3,199.95,North America,Credit Card,599.85,2025,12,2025-12,Dec,2025Q4,Wednesday,20
ORD-10572,2025-12-11 00:00:00,CUST-167,HD Webcam 1080p,Electronics,2,69.99,Europe,Debit Card,139.98,2025,12,2025-12,Dec,2025Q4,Thursday,0
ORD-10095,2025-12-11 12:00:00,CUST-942,Smart Fitness Watch V2,Electronics,2,199.95,Asia-Pacific,Credit Card,399.9,2025,12,2025-12,Dec,2025Q4,Thursday,12
ORD-10717,2025-12-11 18:00:00,CUST-279,Stainless Steel Water Bottle,Home & Kitchen,8,25.0,North America,Crypto,200.0,2025,12,2025-12,Dec,2025Q4,Thursday,18
ORD-10094,2025-12-12 00:00:00,CUST-923,Ergonomic Office Chair,Furniture,4,349.99,Middle East,Bank Transfer,1399.96,2025,12,2025-12,Dec,2025Q4,Friday,0
ORD-11259,2025-12-12 00:00:00,CUST-556,Wireless Vertical Mouse,Electronics,3,49.99,North America,Credit Card,149.97,2025,12,2025-12,Dec,2025Q4,Friday,0
ORD-10506,2025-12-12 08:00:00,CUST-155,USB-C Multi-Port Hub,Audio & Accessories,6,45.0,North America,Debit Card,270.0,2025,12,2025-12,Dec,2025Q4,Friday,8
ORD-11115,2025-12-13 00:00:00,CUST-581,Wireless Noise-Canceling Headphones,Audio & Accessories,3,249.5,Latin America,Credit Card,748.5,2025,12,2025-12,Dec,2025Q4,Saturday,0
ORD-11052,2025-12-13 12:00:00,CUST-729,Espresso Coffee Machine,Home & Kitchen,7,499.0,Asia-Pacific,Crypto,3493.0,2025,12,2025-12,Dec,2025Q4,Saturday,12
ORD-10558,2025-12-13 13:00:00,CUST-212,Smart Fitness Watch V2,Electronics,4,199.95,Asia-Pacific,PayPal,799.8,2025,12,2025-12,Dec,2025Q4,Saturday,13
ORD-10088,2025-12-13 16:00:00,CUST-552,USB-C Multi-Port Hub,Audio & Accessories,6,45.0,Asia-Pacific,Crypto,270.0,2025,12,2025-12,Dec,2025Q4,Saturday,16
ORD-10836,2025-12-14 00:00:00,CUST-971,Wireless Noise-Canceling Headphones,Audio & Accessories,6,249.5,North America,Bank Transfer,1497.0,2025,12,2025-12,Dec,2025Q4,Sunday,0
ORD-10954,2025-12-14 00:00:00,CUST-560,4K Ultra HD Smart Monitor 27in,Electronics,2,450.0,Middle East,PayPal,900.0,2025,12,2025-12,Dec,2025Q4,Sunday,0
ORD-10497,2025-12-14 13:00:00,CUST-119,Bluetooth Portable Speaker,Audio & Accessories,1,89.99,Europe,Crypto,89.99,2025,12,2025-12,Dec,2025Q4,Sunday,13
ORD-10419,2025-12-14 17:00:00,CUST-689,Smart Fitness Watch V2,Electronics,4,199.95,Middle East,PayPal,799.8,2025,12,2025-12,Dec,2025Q4,Sunday,17
ORD-10049,2025-12-14 20:00:00,CUST-269,Standing Desk Converter,Furniture,1,220.0,Latin America,PayPal,220.0,2025,12,2025-12,Dec,2025Q4,Sunday,20
ORD-10173,2025-12-15 00:00:00,CUST-370,Bluetooth Portable Speaker,Audio & Accessories,1,89.99,Middle East,Debit Card,89.99,2025,12,2025-12,Dec,2025Q4,Monday,0
ORD-11073,2025-12-15 00:00:00,CUST-985,Ergonomic Office Chair,Furniture,1,349.99,Europe,PayPal,349.99,2025,12,2025-12,Dec,2025Q4,Monday,0
ORD-10850,2025-12-16 00:00:00,CUST-233,Wireless Noise-Canceling Headphones,Audio & Accessories,1,249.5,Asia-Pacific,Bank Transfer,249.5,2025,12,2025-12,Dec,2025Q4,Tuesday,0
ORD-10192,2025-12-16 00:00:00,CUST-236,Standing Desk Converter,Furniture,6,220.0,Asia-Pacific,Credit Card,1320.0,2025,12,2025-12,Dec,2025Q4,Tuesday,0
ORD-10895,2025-12-16 08:00:00,CUST-759,4K Ultra HD Smart Monitor 27in,Electronics,1,450.0,North America,PayPal,450.0,2025,12,2025-12,Dec,2025Q4,Tuesday,8
ORD-11258,2025-12-16 12:00:00,CUST-265,Stainless Steel Water Bottle,Home & Kitchen,1,25.0,North America,Credit Card,25.0,2025,12,2025-12,Dec,2025Q4,Tuesday,12
ORD-11408,2025-12-16 16:00:00,CUST-517,Mechanical Gaming Keyboard,Electronics,3,119.0,North America,Crypto,357.0,2025,12,2025-12,Dec,2025Q4,Tuesday,16
ORD-10211,2025-12-17 00:00:00,CUST-978,Espresso Coffee Machine,Home & Kitchen,3,499.0,North America,Credit Card,1497.0,2025,12,2025-12,Dec,2025Q4,Wednesday,0
ORD-10661,2025-12-17 00:00:00,CUST-635,Mechanical Gaming Keyboard,Electronics,10,119.0,Latin America,Bank Transfer,1190.0,2025,12,2025-12,Dec,2025Q4,Wednesday,0
ORD-10624,2025-12-17 20:00:00,CUST-545,Ergonomic Office Chair,Furniture,3,349.99,Latin America,Bank Transfer,1049.97,2025,12,2025-12,Dec,2025Q4,Wednesday,20
ORD-10869,2025-12-18 00:00:00,CUST-215,Noise-Isolating Earbuds,Audio & Accessories,7,29.99,Latin America,PayPal,209.93,2025,12,2025-12,Dec,2025Q4,Thursday,0
ORD-11431,2025-12-18 14:00:00,CUST-164,Noise-Isolating Earbuds,Audio & Accessories,2,29.99,Europe,Debit Card,59.98,2025,12,2025-12,Dec,2025Q4,Thursday,14
ORD-10861,2025-12-19 00:00:00,CUST-363,Smart LED Desk Lamp,Home & Kitchen,2,39.99,Middle East,Crypto,79.98,2025,12,2025-12,Dec,2025Q4,Friday,0
ORD-11303,2025-12-19 00:00:00,CUST-331,Smart Fitness Watch V2,Electronics,2,199.95,Latin America,Unspecified,399.9,2025,12,2025-12,Dec,2025Q4,Friday,0
ORD-10948,2025-12-19 11:00:00,CUST-797,4K Ultra HD Smart Monitor 27in,Electronics,5,450.0,North America,Unspecified,2250.0,2025,12,2025-12,Dec,2025Q4,Friday,11
ORD-11329,2025-12-19 12:00:00,CUST-802,Noise-Isolating Earbuds,Audio & Accessories,2,29.99,Asia-Pacific,Crypto,59.98,2025,12,2025-12,Dec,2025Q4,Friday,12
ORD-10438,2025-12-20 00:00:00,CUST-258,UltraBook Pro 15,Electronics,3,1299.99,Asia-Pacific,Credit Card,3899.97,2025,12,2025-12,Dec,2025Q4,Saturday,0
ORD-10966,2025-12-20 00:00:00,CUST-224,4K Ultra HD Smart Monitor 27in,Electronics,3,450.0,Middle East,Crypto,1350.0,2025,12,2025-12,Dec,2025Q4,Saturday,0
ORD-10257,2025-12-20 00:00:00,CUST-774,4K Ultra HD Smart Monitor 27in,Electronics,3,450.0,Asia-Pacific,PayPal,1350.0,2025,12,2025-12,Dec,2025Q4,Saturday,0
ORD-10030,2025-12-20 10:00:00,CUST-954,Wireless Noise-Canceling Headphones,Audio & Accessories,3,249.5,Asia-Pacific,Crypto,748.5,2025,12,2025-12,Dec,2025Q4,Saturday,10
ORD-10596,2025-12-20 13:00:00,CUST-552,USB-C Multi-Port Hub,Audio & Accessories,3,45.0,Middle East,Unspecified,135.0,2025,12,2025-12,Dec,2025Q4,Saturday,13
ORD-11287,2025-12-20 18:00:00,CUST-707,Espresso Coffee Machine,Home & Kitchen,2,499.0,Asia-Pacific,Bank Transfer,998.0,2025,12,2025-12,Dec,2025Q4,Saturday,18
ORD-10591,2025-12-21 10:00:00,CUST-154,HD Webcam 1080p,Electronics,3,69.99,Asia-Pacific,Bank Transfer,209.97,2025,12,2025-12,Dec,2025Q4,Sunday,10
ORD-10359,2025-12-21 18:00:00,CUST-490,Smart LED Desk Lamp,Home & Kitchen,2,39.99,Latin America,Debit Card,79.98,2025,12,2025-12,Dec,2025Q4,Sunday,18
ORD-10131,2025-12-21 20:00:00,CUST-269,Mechanical Gaming Keyboard,Electronics,1,119.0,Latin America,Credit Card,119.0,2025,12,2025-12,Dec,2025Q4,Sunday,20
ORD-10724,2025-12-22 00:00:00,CUST-163,UltraBook Pro 15,Electronics,2,1299.99,Latin America,Credit Card,2599.98,2025,12,2025-12,Dec,2025Q4,Monday,0
ORD-10597,2025-12-22 00:00:00,CUST-414,Wireless Vertical Mouse,Electronics,1,49.99,Europe,PayPal,49.99,2025,12,2025-12,Dec,2025Q4,Monday,0
ORD-11376,2025-12-22 00:00:00,CUST-467,Smart Fitness Watch V2,Electronics,2,199.95,Middle East,Bank Transfer,399.9,2025,12,2025-12,Dec,2025Q4,Monday,0
ORD-11194,2025-12-22 11:00:00,CUST-331,4K Ultra HD Smart Monitor 27in,Electronics,1,450.0,Latin America,PayPal,450.0,2025,12,2025-12,Dec,2025Q4,Monday,11
ORD-11315,2025-12-22 13:00:00,CUST-UNKNOWN,UltraBook Pro 15,Electronics,3,1299.99,Latin America,Debit Card,3899.97,2025,12,2025-12,Dec,2025Q4,Monday,13
ORD-11223,2025-12-22 14:00:00,CUST-393,Stainless Steel Water Bottle,Home & Kitchen,7,25.0,Asia-Pacific,Crypto,175.0,2025,12,2025-12,Dec,2025Q4,Monday,14
ORD-11482,2025-12-22 17:00:00,CUST-449,Wireless Noise-Canceling Headphones,Audio & Accessories,2,249.5,North America,Crypto,499.0,2025,12,2025-12,Dec,2025Q4,Monday,17
ORD-11062,2025-12-22 20:00:00,CUST-223,Bluetooth Portable Speaker,Audio & Accessories,4,89.99,Middle East,Debit Card,359.96,2025,12,2025-12,Dec,2025Q4,Monday,20
ORD-10783,2025-12-23 00:00:00,CUST-534,Stainless Steel Water Bottle,Home & Kitchen,1,25.0,Europe,PayPal,25.0,2025,12,2025-12,Dec,2025Q4,Tuesday,0
ORD-10764,2025-12-23 00:00:00,CUST-930,Bluetooth Portable Speaker,Audio & Accessories,1,89.99,Middle East,Unspecified,89.99,2025,12,2025-12,Dec,2025Q4,Tuesday,0
ORD-10714,2025-12-23 08:00:00,CUST-UNKNOWN,Mechanical Gaming Keyboard,Electronics,1,119.0,Europe,Debit Card,119.0,2025,12,2025-12,Dec,2025Q4,Tuesday,8
ORD-10564,2025-12-23 09:00:00,CUST-346,Bluetooth Portable Speaker,Audio & Accessories,2,89.99,North America,Crypto,179.98,2025,12,2025-12,Dec,2025Q4,Tuesday,9
ORD-10537,2025-12-23 10:00:00,CUST-578,Mechanical Gaming Keyboard,Electronics,1,119.0,North America,Debit Card,119.0,2025,12,2025-12,Dec,2025Q4,Tuesday,10
ORD-10198,2025-12-23 14:00:00,CUST-407,Smart LED Desk Lamp,Home & Kitchen,6,39.99,Latin America,PayPal,239.94,2025,12,2025-12,Dec,2025Q4,Tuesday,14
ORD-10441,2025-12-23 15:00:00,CUST-291,Bluetooth Portable Speaker,Audio & Accessories,11,89.99,Middle East,Bank Transfer,989.89,2025,12,2025-12,Dec,2025Q4,Tuesday,15
ORD-10481,2025-12-23 16:00:00,CUST-UNKNOWN,Mechanical Gaming Keyboard,Electronics,3,119.0,Asia-Pacific,Debit Card,357.0,2025,12,2025-12,Dec,2025Q4,Tuesday,16
ORD-10465,2025-12-23 17:00:00,CUST-576,UltraBook Pro 15,Electronics,2,1299.99,North America,Credit Card,2599.98,2025,12,2025-12,Dec,2025Q4,Tuesday,17
ORD-10286,2025-12-24 00:00:00,CUST-128,Smart Fitness Watch V2,Electronics,2,199.95,Asia-Pacific,Crypto,399.9,2025,12,2025-12,Dec,2025Q4,Wednesday,0
ORD-10794,2025-12-24 00:00:00,CUST-242,UltraBook Pro 15,Electronics,1,1299.99,North America,Crypto,1299.99,2025,12,2025-12,Dec,2025Q4,Wednesday,0
ORD-11215,2025-12-24 08:00:00,CUST-142,4K Ultra HD Smart Monitor 27in,Electronics,1,450.0,Europe,Credit Card,450.0,2025,12,2025-12,Dec,2025Q4,Wednesday,8
ORD-10508,2025-12-24 15:00:00,CUST-417,Wireless Noise-Canceling Headphones,Audio & Accessories,7,249.5,Latin America,Debit Card,1746.5,2025,12,2025-12,Dec,2025Q4,Wednesday,15
ORD-10413,2025-12-24 16:00:00,CUST-805,USB-C Multi-Port Hub,Audio & Accessories,2,45.0,North America,Credit Card,90.0,2025,12,2025-12,Dec,2025Q4,Wednesday,16
ORD-10426,2025-12-24 16:00:00,CUST-711,Mechanical Gaming Keyboard,Electronics,2,119.0,Latin America,Crypto,238.0,2025,12,2025-12,Dec,2025Q4,Wednesday,16
ORD-11306,2025-12-24 17:00:00,CUST-497,Stainless Steel Water Bottle,Home & Kitchen,3,25.0,Asia-Pacific,PayPal,75.0,2025,12,2025-12,Dec,2025Q4,Wednesday,17
ORD-11341,2025-12-24 18:00:00,CUST-906,Wireless Noise-Canceling Headphones,Audio & Accessories,2,249.5,Latin America,PayPal,499.0,2025,12,2025-12,Dec,2025Q4,Wednesday,18
ORD-10633,2025-12-25 00:00:00,CUST-801,4K Ultra HD Smart Monitor 27in,Electronics,2,450.0,North America,Crypto,900.0,2025,12,2025-12,Dec,2025Q4,Thursday,0
ORD-11479,2025-12-25 00:00:00,CUST-584,UltraBook Pro 15,Electronics,2,1299.99,Europe,Debit Card,2599.98,2025,12,2025-12,Dec,2025Q4,Thursday,0
ORD-10631,2025-12-25 09:00:00,CUST-533,USB-C Multi-Port Hub,Audio & Accessories,6,45.0,Latin America,PayPal,270.0,2025,12,2025-12,Dec,2025Q4,Thursday,9
ORD-11050,2025-12-25 09:00:00,CUST-875,Espresso Coffee Machine,Home & Kitchen,5,499.0,North America,PayPal,2495.0,2025,12,2025-12,Dec,2025Q4,Thursday,9
ORD-11314,2025-12-25 09:00:00,CUST-242,Espresso Coffee Machine,Home & Kitchen,2,499.0,Europe,Crypto,998.0,2025,12,2025-12,Dec,2025Q4,Thursday,9
ORD-10399,2025-12-25 10:00:00,CUST-620,Stainless Steel Water Bottle,Home & Kitchen,4,25.0,Latin America,Bank Transfer,100.0,2025,12,2025-12,Dec,2025Q4,Thursday,10
ORD-10408,2025-12-25 12:00:00,CUST-195,Bluetooth Portable Speaker,Audio & Accessories,6,89.99,Latin America,Bank Transfer,539.94,2025,12,2025-12,Dec,2025Q4,Thursday,12
ORD-10906,2025-12-25 15:00:00,CUST-566,Wireless Vertical Mouse,Electronics,4,49.99,Latin America,Debit Card,199.96,2025,12,2025-12,Dec,2025Q4,Thursday,15
ORD-10570,2025-12-26 00:00:00,CUST-879,Smart LED Desk Lamp,Home & Kitchen,2,39.99,Europe,Bank Transfer,79.98,2025,12,2025-12,Dec,2025Q4,Friday,0
ORD-10806,2025-12-26 08:00:00,CUST-416,Wireless Vertical Mouse,Electronics,7,49.99,Middle East,Credit Card,349.93,2025,12,2025-12,Dec,2025Q4,Friday,8
ORD-10263,2025-12-26 08:00:00,CUST-455,Mechanical Gaming Keyboard,Electronics,2,119.0,Middle East,Crypto,238.0,2025,12,2025-12,Dec,2025Q4,Friday,8
ORD-10174,2025-12-27 00:00:00,CUST-600,4K Ultra HD Smart Monitor 27in,Electronics,3,450.0,Asia-Pacific,Debit Card,1350.0,2025,12,2025-12,Dec,2025Q4,Saturday,0
ORD-10569,2025-12-27 09:00:00,CUST-892,Mechanical Gaming Keyboard,Electronics,1,119.0,Europe,PayPal,119.0,2025,12,2025-12,Dec,2025Q4,Saturday,9
ORD-10807,2025-12-27 14:00:00,CUST-929,Ergonomic Office Chair,Furniture,7,349.99,Asia-Pacific,PayPal,2449.93,2025,12,2025-12,Dec,2025Q4,Saturday,14
ORD-10994,2025-12-28 00:00:00,CUST-979,Bluetooth Portable Speaker,Audio & Accessories,2,89.99,Europe,Debit Card,179.98,2025,12,2025-12,Dec,2025Q4,Sunday,0
ORD-10645,2025-12-29 00:00:00,CUST-362,Ergonomic Office Chair,Furniture,6,349.99,North America,Credit Card,2099.94,2025,12,2025-12,Dec,2025Q4,Monday,0
ORD-10699,2025-12-29 08:00:00,CUST-915,Wireless Noise-Canceling Headphones,Audio & Accessories,2,249.5,Asia-Pacific,Crypto,499.0,2025,12,2025-12,Dec,2025Q4,Monday,8
ORD-10711,2025-12-29 15:00:00,CUST-778,4K Ultra HD Smart Monitor 27in,Electronics,3,450.0,Asia-Pacific,Bank Transfer,1350.0,2025,12,2025-12,Dec,2025Q4,Monday,15
ORD-11093,2025-12-29 17:00:00,CUST-627,Stainless Steel Water Bottle,Home & Kitchen,2,25.0,Middle East,Debit Card,50.0,2025,12,2025-12,Dec,2025Q4,Monday,17
ORD-10755,2025-12-30 18:00:00,CUST-718,4K Ultra HD Smart Monitor 27in,Electronics,4,450.0,Middle East,Bank Transfer,1800.0,2025,12,2025-12,Dec,2025Q4,Tuesday,18
ORD-10134,2025-12-31 00:00:00,CUST-391,Bluetooth Portable Speaker,Audio & Accessories,7,89.99,North America,PayPal,629.93,2025,12,2025-12,Dec,2025Q4,Wednesday,0
ORD-10214,2025-12-31 00:00:00,CUST-406,Ergonomic Office Chair,Furniture,3,349.99,Europe,Crypto,1049.97,2025,12,2025-12,Dec,2025Q4,Wednesday,0
ORD-11102,2025-12-31 00:00:00,CUST-702,HD Webcam 1080p,Electronics,5,69.99,Latin America,Unspecified,349.95,2025,12,2025-12,Dec,2025Q4,Wednesday,0
ORD-10518,2025-12-31 14:00:00,CUST-545,Standing Desk Converter,Furniture,11,220.0,Middle East,PayPal,2420.0,2025,12,2025-12,Dec,2025Q4,Wednesday,14
ORD-10693,2025-12-31 15:00:00,CUST-821,Mechanical Gaming Keyboard,Electronics,1,119.0,Middle East,Crypto,119.0,2025,12,2025-12,Dec,2025Q4,Wednesday,15
ORD-10872,2025-12-31 20:00:00,CUST-102,4K Ultra HD Smart Monitor 27in,Electronics,3,450.0,Europe,PayPal,1350.0,2025,12,2025-12,Dec,2025Q4,Wednesday,20
ORD-10218,2025-12-31 20:00:00,CUST-857,4K Ultra HD Smart Monitor 27in,Electronics,3,450.0,Latin America,Bank Transfer,1350.0,2025,12,2025-12,Dec,2025Q4,Wednesday,20
